MemoryOS 3 Digit Major Numbers	404
MemoryOS 3 Digit Major Numbers	405
MemoryOS 3 Digit Major Numbers	406
MemoryOS 3 Digit Major Numbers	407
MemoryOS 3 Digit Major Numbers	408
MemoryOS 3 Digit Major Numbers	409
MemoryOS 3 Digit Major Numbers	410
MemoryOS 3 Digit Major Numbers	411
MemoryOS 3 Digit Major Numbers	412
MemoryOS 3 Digit Major Numbers	413
MemoryOS 3 Digit Major Numbers	414
MemoryOS 3 Digit Major Numbers	415
MemoryOS 3 Digit Major Numbers	416
MemoryOS 3 Digit Major Numbers	417
MemoryOS 3 Digit Major Numbers	418
MemoryOS 3 Digit Major Numbers	419
MemoryOS 3 Digit Major Numbers	420
MemoryOS 3 Digit Major Numbers	421
MemoryOS 3 Digit Major Numbers	422
MemoryOS 3 Digit Major Numbers	423
MemoryOS 3 Digit Major Numbers	424
MemoryOS 3 Digit Major Numbers	425
MemoryOS 3 Digit Major Numbers	426
MemoryOS 3 Digit Major Numbers	427
MemoryOS 3 Digit Major Numbers	428
MemoryOS 3 Digit Major Numbers	429
MemoryOS 3 Digit Major Numbers	430
MemoryOS 3 Digit Major Numbers	431
MemoryOS 3 Digit Major Numbers	432
MemoryOS 3 Digit Major Numbers	433
MemoryOS 3 Digit Major Numbers	434
MemoryOS 3 Digit Major Numbers	435
MemoryOS 3 Digit Major Numbers	436
MemoryOS 3 Digit Major Numbers	437
MemoryOS 3 Digit Major Numbers	438
MemoryOS 3 Digit Major Numbers	439
MemoryOS 3 Digit Major Numbers	440
MemoryOS 3 Digit Major Numbers	441
MemoryOS 3 Digit Major Numbers	442
MemoryOS 3 Digit Major Numbers	443
MemoryOS 3 Digit Major Numbers	444
MemoryOS 3 Digit Major Numbers	445
MemoryOS 3 Digit Major Numbers	446
MemoryOS 3 Digit Major Numbers	447
MemoryOS 3 Digit Major Numbers	448
MemoryOS 3 Digit Major Numbers	449
MemoryOS 3 Digit Major Numbers	450
MemoryOS 3 Digit Major Numbers	451
MemoryOS 3 Digit Major Numbers	452
MemoryOS 3 Digit Major Numbers	453
MemoryOS 3 Digit Major Numbers	454
MemoryOS 3 Digit Major Numbers	455
MemoryOS 3 Digit Major Numbers	456
MemoryOS 3 Digit Major Numbers	457
MemoryOS 3 Digit Major Numbers	458
MemoryOS 3 Digit Major Numbers	459
MemoryOS 3 Digit Major Numbers	460
MemoryOS 3 Digit Major Numbers	461
MemoryOS 3 Digit Major Numbers	462
MemoryOS 3 Digit Major Numbers	463
MemoryOS 3 Digit Major Numbers	464
MemoryOS 3 Digit Major Numbers	465
MemoryOS 3 Digit Major Numbers	466
MemoryOS 3 Digit Major Numbers	467
MemoryOS 3 Digit Major Numbers	468
MemoryOS 3 Digit Major Numbers	469
MemoryOS 3 Digit Major Numbers	470
MemoryOS 3 Digit Major Numbers	471
MemoryOS 3 Digit Major Numbers	472
MemoryOS 3 Digit Major Numbers	473
MemoryOS 3 Digit Major Numbers	474
MemoryOS 3 Digit Major Numbers	475
MemoryOS 3 Digit Major Numbers	476
MemoryOS 3 Digit Major Numbers	477
MemoryOS 3 Digit Major Numbers	478
MemoryOS 3 Digit Major Numbers	479
MemoryOS 3 Digit Major Numbers	480
MemoryOS 3 Digit Major Numbers	481
MemoryOS 3 Digit Major Numbers	482
MemoryOS 3 Digit Major Numbers	483
MemoryOS 3 Digit Major Numbers	484
MemoryOS 3 Digit Major Numbers	485
MemoryOS 3 Digit Major Numbers	486
MemoryOS 3 Digit Major Numbers	487
MemoryOS 3 Digit Major Numbers	488
MemoryOS 3 Digit Major Numbers	489
MemoryOS 3 Digit Major Numbers	490
MemoryOS 3 Digit Major Numbers	491
MemoryOS 3 Digit Major Numbers	492
MemoryOS 3 Digit Major Numbers	493
MemoryOS 3 Digit Major Numbers	494
MemoryOS 3 Digit Major Numbers	495
MemoryOS 3 Digit Major Numbers	496
MemoryOS 3 Digit Major Numbers	497
MemoryOS 3 Digit Major Numbers	498
MemoryOS 3 Digit Major Numbers	499
MemoryOS 3 Digit Major Numbers	500
MemoryOS 3 Digit Major Numbers	501
MemoryOS 3 Digit Major Numbers	502
MemoryOS 3 Digit Major Numbers	503
MemoryOS 3 Digit Major Numbers	504
MemoryOS 3 Digit Major Numbers	505
MemoryOS 3 Digit Major Numbers	506
MemoryOS 3 Digit Major Numbers	507
MemoryOS 3 Digit Major Numbers	508
MemoryOS 3 Digit Major Numbers	509
MemoryOS 3 Digit Major Numbers	510
MemoryOS 3 Digit Major Numbers	511
MemoryOS 3 Digit Major Numbers	512
MemoryOS 3 Digit Major Numbers	513
MemoryOS 3 Digit Major Numbers	514
MemoryOS 3 Digit Major Numbers	515
MemoryOS 3 Digit Major Numbers	516
MemoryOS 3 Digit Major Numbers	517
MemoryOS 3 Digit Major Numbers	518
MemoryOS 3 Digit Major Numbers	519
MemoryOS 3 Digit Major Numbers	520
MemoryOS 3 Digit Major Numbers	521
MemoryOS 3 Digit Major Numbers	522
MemoryOS 3 Digit Major Numbers	523
MemoryOS 3 Digit Major Numbers	524
MemoryOS 3 Digit Major Numbers	525
MemoryOS 3 Digit Major Numbers	526
MemoryOS 3 Digit Major Numbers	527
MemoryOS 3 Digit Major Numbers	528
MemoryOS 3 Digit Major Numbers	529
MemoryOS 3 Digit Major Numbers	530
MemoryOS 3 Digit Major Numbers	531
MemoryOS 3 Digit Major Numbers	532
MemoryOS 3 Digit Major Numbers	533
MemoryOS 3 Digit Major Numbers	534
MemoryOS 3 Digit Major Numbers	535
MemoryOS 3 Digit Major Numbers	536
MemoryOS 3 Digit Major Numbers	537
MemoryOS 3 Digit Major Numbers	538
MemoryOS 3 Digit Major Numbers	539
MemoryOS 3 Digit Major Numbers	540
MemoryOS 3 Digit Major Numbers	541
MemoryOS 3 Digit Major Numbers	542
MemoryOS 3 Digit Major Numbers	543
MemoryOS 3 Digit Major Numbers	544
MemoryOS 3 Digit Major Numbers	545
MemoryOS 3 Digit Major Numbers	546
MemoryOS 3 Digit Major Numbers	547
MemoryOS 3 Digit Major Numbers	548
MemoryOS 3 Digit Major Numbers	549
MemoryOS 3 Digit Major Numbers	550
MemoryOS 3 Digit Major Numbers	551
MemoryOS 3 Digit Major Numbers	552
MemoryOS 3 Digit Major Numbers	553
MemoryOS 3 Digit Major Numbers	554
MemoryOS 3 Digit Major Numbers	555
MemoryOS 3 Digit Major Numbers	556
MemoryOS 3 Digit Major Numbers	557
MemoryOS 3 Digit Major Numbers	558
MemoryOS 3 Digit Major Numbers	559
MemoryOS 3 Digit Major Numbers	560
MemoryOS 3 Digit Major Numbers	561
MemoryOS 3 Digit Major Numbers	562
MemoryOS 3 Digit Major Numbers	563
MemoryOS 3 Digit Major Numbers	564
MemoryOS 3 Digit Major Numbers	565
MemoryOS 3 Digit Major Numbers	566
MemoryOS 3 Digit Major Numbers	567
MemoryOS 3 Digit Major Numbers	568
MemoryOS 3 Digit Major Numbers	569
MemoryOS 3 Digit Major Numbers	570
MemoryOS 3 Digit Major Numbers	571
MemoryOS 3 Digit Major Numbers	572
MemoryOS 3 Digit Major Numbers	573
MemoryOS 3 Digit Major Numbers	574
MemoryOS 3 Digit Major Numbers	575
MemoryOS 3 Digit Major Numbers	576
MemoryOS 3 Digit Major Numbers	577
MemoryOS 3 Digit Major Numbers	578
MemoryOS 3 Digit Major Numbers	579
MemoryOS 3 Digit Major Numbers	580
MemoryOS 3 Digit Major Numbers	581
MemoryOS 3 Digit Major Numbers	582
MemoryOS 3 Digit Major Numbers	583
MemoryOS 3 Digit Major Numbers	584
MemoryOS 3 Digit Major Numbers	585
MemoryOS 3 Digit Major Numbers	586
MemoryOS 3 Digit Major Numbers	587
MemoryOS 3 Digit Major Numbers	588
MemoryOS 3 Digit Major Numbers	589
MemoryOS 3 Digit Major Numbers	590
MemoryOS 3 Digit Major Numbers	591
MemoryOS 3 Digit Major Numbers	592
MemoryOS 3 Digit Major Numbers	593
MemoryOS 3 Digit Major Numbers	594
MemoryOS 3 Digit Major Numbers	595
MemoryOS 3 Digit Major Numbers	596
MemoryOS 3 Digit Major Numbers	597
MemoryOS 3 Digit Major Numbers	598
MemoryOS 3 Digit Major Numbers	599
MemoryOS 3 Digit Major Numbers	600
MemoryOS 3 Digit Major Numbers	601
MemoryOS 3 Digit Major Numbers	602
MemoryOS 3 Digit Major Numbers	603
MemoryOS 3 Digit Major Numbers	604
MemoryOS 3 Digit Major Numbers	605
MemoryOS 3 Digit Major Numbers	606
MemoryOS 3 Digit Major Numbers	607
MemoryOS 3 Digit Major Numbers	608
MemoryOS 3 Digit Major Numbers	609
MemoryOS 3 Digit Major Numbers	610
MemoryOS 3 Digit Major Numbers	611
MemoryOS 3 Digit Major Numbers	612
MemoryOS 3 Digit Major Numbers	613
MemoryOS 3 Digit Major Numbers	614
MemoryOS 3 Digit Major Numbers	615
MemoryOS 3 Digit Major Numbers	616
MemoryOS 3 Digit Major Numbers	617
MemoryOS 3 Digit Major Numbers	618
MemoryOS 3 Digit Major Numbers	619
MemoryOS 3 Digit Major Numbers	620
MemoryOS 3 Digit Major Numbers	621
MemoryOS 3 Digit Major Numbers	622
MemoryOS 3 Digit Major Numbers	623
MemoryOS 3 Digit Major Numbers	624
MemoryOS 3 Digit Major Numbers	625
MemoryOS 3 Digit Major Numbers	626
MemoryOS 3 Digit Major Numbers	627
MemoryOS 3 Digit Major Numbers	628
MemoryOS 3 Digit Major Numbers	629
MemoryOS 3 Digit Major Numbers	630
MemoryOS 3 Digit Major Numbers	631
MemoryOS 3 Digit Major Numbers	632
MemoryOS 3 Digit Major Numbers	633
MemoryOS 3 Digit Major Numbers	634
MemoryOS 3 Digit Major Numbers	635
MemoryOS 3 Digit Major Numbers	636
MemoryOS 3 Digit Major Numbers	637
MemoryOS 3 Digit Major Numbers	638
MemoryOS 3 Digit Major Numbers	639
MemoryOS 3 Digit Major Numbers	640
MemoryOS 3 Digit Major Numbers	641
MemoryOS 3 Digit Major Numbers	642
MemoryOS 3 Digit Major Numbers	643
MemoryOS 3 Digit Major Numbers	644
MemoryOS 3 Digit Major Numbers	645
MemoryOS 3 Digit Major Numbers	646
MemoryOS 3 Digit Major Numbers	647
MemoryOS 3 Digit Major Numbers	648
MemoryOS 3 Digit Major Numbers	649
MemoryOS 3 Digit Major Numbers	650
MemoryOS 3 Digit Major Numbers	651
MemoryOS 3 Digit Major Numbers	652
MemoryOS 3 Digit Major Numbers	653
MemoryOS 3 Digit Major Numbers	654
MemoryOS 3 Digit Major Numbers	655
MemoryOS 3 Digit Major Numbers	656
MemoryOS 3 Digit Major Numbers	657
MemoryOS 3 Digit Major Numbers	658
MemoryOS 3 Digit Major Numbers	659
MemoryOS 3 Digit Major Numbers	660
MemoryOS 3 Digit Major Numbers	661
MemoryOS 3 Digit Major Numbers	662
MemoryOS 3 Digit Major Numbers	663
MemoryOS 3 Digit Major Numbers	664
MemoryOS 3 Digit Major Numbers	665
MemoryOS 3 Digit Major Numbers	666
MemoryOS 3 Digit Major Numbers	667
MemoryOS 3 Digit Major Numbers	668
MemoryOS 3 Digit Major Numbers	669
MemoryOS 3 Digit Major Numbers	670
MemoryOS 3 Digit Major Numbers	671
MemoryOS 3 Digit Major Numbers	672
MemoryOS 3 Digit Major Numbers	673
MemoryOS 3 Digit Major Numbers	674
MemoryOS 3 Digit Major Numbers	675
MemoryOS 3 Digit Major Numbers	676
MemoryOS 3 Digit Major Numbers	677
MemoryOS 3 Digit Major Numbers	678
MemoryOS 3 Digit Major Numbers	679
MemoryOS 3 Digit Major Numbers	680
MemoryOS 3 Digit Major Numbers	681
MemoryOS 3 Digit Major Numbers	682
MemoryOS 3 Digit Major Numbers	683
MemoryOS 3 Digit Major Numbers	684
MemoryOS 3 Digit Major Numbers	685
MemoryOS 3 Digit Major Numbers	686
MemoryOS 3 Digit Major Numbers	687
MemoryOS 3 Digit Major Numbers	688
MemoryOS 3 Digit Major Numbers	689
MemoryOS 3 Digit Major Numbers	690
MemoryOS 3 Digit Major Numbers	691
MemoryOS 3 Digit Major Numbers	692
MemoryOS 3 Digit Major Numbers	693
MemoryOS 3 Digit Major Numbers	694
MemoryOS 3 Digit Major Numbers	695
MemoryOS 3 Digit Major Numbers	696
MemoryOS 3 Digit Major Numbers	697
MemoryOS 3 Digit Major Numbers	698
MemoryOS 3 Digit Major Numbers	699
MemoryOS 3 Digit Major Numbers	700
MemoryOS 3 Digit Major Numbers	701
MemoryOS 3 Digit Major Numbers	702
MemoryOS 3 Digit Major Numbers	703
MemoryOS 3 Digit Major Numbers	704
MemoryOS 3 Digit Major Numbers	705
MemoryOS 3 Digit Major Numbers	706
MemoryOS 3 Digit Major Numbers	707
MemoryOS 3 Digit Major Numbers	708
MemoryOS 3 Digit Major Numbers	709
MemoryOS 3 Digit Major Numbers	710
MemoryOS 3 Digit Major Numbers	711
MemoryOS 3 Digit Major Numbers	712
MemoryOS 3 Digit Major Numbers	713
MemoryOS 3 Digit Major Numbers	714
MemoryOS 3 Digit Major Numbers	715
MemoryOS 3 Digit Major Numbers	716
MemoryOS 3 Digit Major Numbers	717
MemoryOS 3 Digit Major Numbers	718
MemoryOS 3 Digit Major Numbers	719
MemoryOS 3 Digit Major Numbers	720
MemoryOS 3 Digit Major Numbers	721
MemoryOS 3 Digit Major Numbers	722
MemoryOS 3 Digit Major Numbers	723
MemoryOS 3 Digit Major Numbers	724
MemoryOS 3 Digit Major Numbers	725
MemoryOS 3 Digit Major Numbers	726
MemoryOS 3 Digit Major Numbers	727
MemoryOS 3 Digit Major Numbers	728
MemoryOS 3 Digit Major Numbers	729
MemoryOS 3 Digit Major Numbers	730
MemoryOS 3 Digit Major Numbers	731
MemoryOS 3 Digit Major Numbers	732
MemoryOS 3 Digit Major Numbers	733
MemoryOS 3 Digit Major Numbers	734
MemoryOS 3 Digit Major Numbers	735
MemoryOS 3 Digit Major Numbers	736
MemoryOS 3 Digit Major Numbers	737
MemoryOS 3 Digit Major Numbers	738
MemoryOS 3 Digit Major Numbers	739
MemoryOS 3 Digit Major Numbers	740
MemoryOS 3 Digit Major Numbers	741
MemoryOS 3 Digit Major Numbers	742
MemoryOS 3 Digit Major Numbers	743
MemoryOS 3 Digit Major Numbers	744
MemoryOS 3 Digit Major Numbers	745
MemoryOS 3 Digit Major Numbers	746
MemoryOS 3 Digit Major Numbers	747
MemoryOS 3 Digit Major Numbers	748
MemoryOS 3 Digit Major Numbers	749
MemoryOS 3 Digit Major Numbers	750
MemoryOS 3 Digit Major Numbers	751
MemoryOS 3 Digit Major Numbers	752
MemoryOS 3 Digit Major Numbers	753
MemoryOS 3 Digit Major Numbers	754
MemoryOS 3 Digit Major Numbers	755
MemoryOS 3 Digit Major Numbers	756
MemoryOS 3 Digit Major Numbers	757
MemoryOS 3 Digit Major Numbers	758
MemoryOS 3 Digit Major Numbers	759
MemoryOS 3 Digit Major Numbers	760
MemoryOS 3 Digit Major Numbers	761
MemoryOS 3 Digit Major Numbers	762
MemoryOS 3 Digit Major Numbers	763
MemoryOS 3 Digit Major Numbers	764
MemoryOS 3 Digit Major Numbers	765
MemoryOS 3 Digit Major Numbers	766
MemoryOS 3 Digit Major Numbers	767
MemoryOS 3 Digit Major Numbers	768
MemoryOS 3 Digit Major Numbers	769
MemoryOS 3 Digit Major Numbers	770
MemoryOS 3 Digit Major Numbers	771
MemoryOS 3 Digit Major Numbers	772
MemoryOS 3 Digit Major Numbers	773
MemoryOS 3 Digit Major Numbers	774
MemoryOS 3 Digit Major Numbers	775
MemoryOS 3 Digit Major Numbers	776
MemoryOS 3 Digit Major Numbers	777
MemoryOS 3 Digit Major Numbers	778
MemoryOS 3 Digit Major Numbers	779
MemoryOS 3 Digit Major Numbers	780
MemoryOS 3 Digit Major Numbers	781
MemoryOS 3 Digit Major Numbers	782
MemoryOS 3 Digit Major Numbers	783
MemoryOS 3 Digit Major Numbers	784
MemoryOS 3 Digit Major Numbers	785
MemoryOS 3 Digit Major Numbers	786
MemoryOS 3 Digit Major Numbers	787
MemoryOS 3 Digit Major Numbers	788
MemoryOS 3 Digit Major Numbers	789
MemoryOS 3 Digit Major Numbers	790
MemoryOS 3 Digit Major Numbers	791
MemoryOS 3 Digit Major Numbers	792
MemoryOS 3 Digit Major Numbers	793
MemoryOS 3 Digit Major Numbers	794
MemoryOS 3 Digit Major Numbers	795
MemoryOS 3 Digit Major Numbers	796
MemoryOS 3 Digit Major Numbers	797
MemoryOS 3 Digit Major Numbers	798
MemoryOS 3 Digit Major Numbers	799
MemoryOS 3 Digit Major Numbers	800
MemoryOS 3 Digit Major Numbers	801
MemoryOS 3 Digit Major Numbers	802
MemoryOS 3 Digit Major Numbers	803
MemoryOS 3 Digit Major Numbers	804
MemoryOS 3 Digit Major Numbers	805
MemoryOS 3 Digit Major Numbers	806
MemoryOS 3 Digit Major Numbers	807
MemoryOS 3 Digit Major Numbers	808
MemoryOS 3 Digit Major Numbers	809
MemoryOS 3 Digit Major Numbers	810
MemoryOS 3 Digit Major Numbers	811
MemoryOS 3 Digit Major Numbers	812
MemoryOS 3 Digit Major Numbers	813
MemoryOS 3 Digit Major Numbers	814
MemoryOS 3 Digit Major Numbers	815
MemoryOS 3 Digit Major Numbers	816
MemoryOS 3 Digit Major Numbers	817
MemoryOS 3 Digit Major Numbers	818
MemoryOS 3 Digit Major Numbers	819
MemoryOS 3 Digit Major Numbers	820
MemoryOS 3 Digit Major Numbers	821
MemoryOS 3 Digit Major Numbers	822
MemoryOS 3 Digit Major Numbers	823
MemoryOS 3 Digit Major Numbers	824
MemoryOS 3 Digit Major Numbers	825
MemoryOS 3 Digit Major Numbers	826
MemoryOS 3 Digit Major Numbers	827
MemoryOS 3 Digit Major Numbers	828
MemoryOS 3 Digit Major Numbers	829
MemoryOS 3 Digit Major Numbers	830
MemoryOS 3 Digit Major Numbers	831
MemoryOS 3 Digit Major Numbers	832
MemoryOS 3 Digit Major Numbers	833
MemoryOS 3 Digit Major Numbers	834
MemoryOS 3 Digit Major Numbers	835
MemoryOS 3 Digit Major Numbers	836
MemoryOS 3 Digit Major Numbers	837
MemoryOS 3 Digit Major Numbers	838
MemoryOS 3 Digit Major Numbers	839
MemoryOS 3 Digit Major Numbers	840
MemoryOS 3 Digit Major Numbers	841
MemoryOS 3 Digit Major Numbers	842
MemoryOS 3 Digit Major Numbers	843
MemoryOS 3 Digit Major Numbers	844
MemoryOS 3 Digit Major Numbers	845
MemoryOS 3 Digit Major Numbers	846
MemoryOS 3 Digit Major Numbers	847
MemoryOS 3 Digit Major Numbers	848
MemoryOS 3 Digit Major Numbers	849
MemoryOS 3 Digit Major Numbers	850
MemoryOS 3 Digit Major Numbers	851
MemoryOS 3 Digit Major Numbers	852
MemoryOS 3 Digit Major Numbers	853
MemoryOS 3 Digit Major Numbers	854
MemoryOS 3 Digit Major Numbers	855
MemoryOS 3 Digit Major Numbers	856
MemoryOS 3 Digit Major Numbers	857
MemoryOS 3 Digit Major Numbers	858
MemoryOS 3 Digit Major Numbers	859
MemoryOS 3 Digit Major Numbers	860
MemoryOS 3 Digit Major Numbers	861
MemoryOS 3 Digit Major Numbers	862
MemoryOS 3 Digit Major Numbers	863
MemoryOS 3 Digit Major Numbers	864
MemoryOS 3 Digit Major Numbers	865
MemoryOS 3 Digit Major Numbers	866
MemoryOS 3 Digit Major Numbers	867
MemoryOS 3 Digit Major Numbers	868
MemoryOS 3 Digit Major Numbers	869
MemoryOS 3 Digit Major Numbers	870
MemoryOS 3 Digit Major Numbers	871
MemoryOS 3 Digit Major Numbers	872
MemoryOS 3 Digit Major Numbers	873
MemoryOS 3 Digit Major Numbers	874
MemoryOS 3 Digit Major Numbers	875
MemoryOS 3 Digit Major Numbers	876
MemoryOS 3 Digit Major Numbers	877
MemoryOS 3 Digit Major Numbers	878
MemoryOS 3 Digit Major Numbers	879
MemoryOS 3 Digit Major Numbers	880
MemoryOS 3 Digit Major Numbers	881
MemoryOS 3 Digit Major Numbers	882
MemoryOS 3 Digit Major Numbers	883
MemoryOS 3 Digit Major Numbers	884
MemoryOS 3 Digit Major Numbers	885
MemoryOS 3 Digit Major Numbers	886
MemoryOS 3 Digit Major Numbers	887
MemoryOS 3 Digit Major Numbers	888
MemoryOS 3 Digit Major Numbers	889
MemoryOS 3 Digit Major Numbers	890
MemoryOS 3 Digit Major Numbers	891
MemoryOS 3 Digit Major Numbers	892
MemoryOS 3 Digit Major Numbers	893
MemoryOS 3 Digit Major Numbers	894
MemoryOS 3 Digit Major Numbers	895
MemoryOS 3 Digit Major Numbers	896
MemoryOS 3 Digit Major Numbers	897
MemoryOS 3 Digit Major Numbers	898
MemoryOS 3 Digit Major Numbers	899
MemoryOS 3 Digit Major Numbers	900
MemoryOS 3 Digit Major Numbers	901
MemoryOS 3 Digit Major Numbers	902
MemoryOS 3 Digit Major Numbers	903
MemoryOS 3 Digit Major Numbers	904
MemoryOS 3 Digit Major Numbers	905
MemoryOS 3 Digit Major Numbers	906
MemoryOS 3 Digit Major Numbers	907
MemoryOS 3 Digit Major Numbers	908
MemoryOS 3 Digit Major Numbers	909
MemoryOS 3 Digit Major Numbers	910
MemoryOS 3 Digit Major Numbers	911
MemoryOS 3 Digit Major Numbers	912
MemoryOS 3 Digit Major Numbers	913
MemoryOS 3 Digit Major Numbers	914
MemoryOS 3 Digit Major Numbers	915
MemoryOS 3 Digit Major Numbers	916
MemoryOS 3 Digit Major Numbers	917
MemoryOS 3 Digit Major Numbers	918
MemoryOS 3 Digit Major Numbers	919
MemoryOS 3 Digit Major Numbers	920
MemoryOS 3 Digit Major Numbers	921
MemoryOS 3 Digit Major Numbers	922
MemoryOS 3 Digit Major Numbers	923
MemoryOS 3 Digit Major Numbers	924
MemoryOS 3 Digit Major Numbers	925
MemoryOS 3 Digit Major Numbers	926
MemoryOS 3 Digit Major Numbers	927
MemoryOS 3 Digit Major Numbers	928
MemoryOS 3 Digit Major Numbers	929
MemoryOS 3 Digit Major Numbers	930
MemoryOS 3 Digit Major Numbers	931
MemoryOS 3 Digit Major Numbers	932
MemoryOS 3 Digit Major Numbers	933
MemoryOS 3 Digit Major Numbers	934
MemoryOS 3 Digit Major Numbers	935
MemoryOS 3 Digit Major Numbers	936
MemoryOS 3 Digit Major Numbers	937
MemoryOS 3 Digit Major Numbers	938
MemoryOS 3 Digit Major Numbers	939
MemoryOS 3 Digit Major Numbers	940
MemoryOS 3 Digit Major Numbers	941
MemoryOS 3 Digit Major Numbers	942
MemoryOS 3 Digit Major Numbers	943
MemoryOS 3 Digit Major Numbers	944
MemoryOS 3 Digit Major Numbers	945
MemoryOS 3 Digit Major Numbers	946
MemoryOS 3 Digit Major Numbers	947
MemoryOS 3 Digit Major Numbers	948
MemoryOS 3 Digit Major Numbers	949
MemoryOS 3 Digit Major Numbers	950
MemoryOS 3 Digit Major Numbers	951
MemoryOS 3 Digit Major Numbers	952
MemoryOS 3 Digit Major Numbers	953
MemoryOS 3 Digit Major Numbers	954
MemoryOS 3 Digit Major Numbers	955
MemoryOS 3 Digit Major Numbers	956
MemoryOS 3 Digit Major Numbers	957
MemoryOS 3 Digit Major Numbers	958
MemoryOS 3 Digit Major Numbers	959
MemoryOS 3 Digit Major Numbers	960
MemoryOS 3 Digit Major Numbers	961
MemoryOS 3 Digit Major Numbers	962
MemoryOS 3 Digit Major Numbers	963
MemoryOS 3 Digit Major Numbers	964
MemoryOS 3 Digit Major Numbers	965
MemoryOS 3 Digit Major Numbers	966
MemoryOS 3 Digit Major Numbers	967
MemoryOS 3 Digit Major Numbers	968
MemoryOS 3 Digit Major Numbers	969
MemoryOS 3 Digit Major Numbers	970
MemoryOS 3 Digit Major Numbers	971
MemoryOS 3 Digit Major Numbers	972
MemoryOS 3 Digit Major Numbers	973
MemoryOS 3 Digit Major Numbers	974
MemoryOS 3 Digit Major Numbers	975
MemoryOS 3 Digit Major Numbers	976
MemoryOS 3 Digit Major Numbers	977
MemoryOS 3 Digit Major Numbers	978
MemoryOS 3 Digit Major Numbers	979
MemoryOS 3 Digit Major Numbers	980
MemoryOS 3 Digit Major Numbers	981
MemoryOS 3 Digit Major Numbers	982
MemoryOS 3 Digit Major Numbers	983
MemoryOS 3 Digit Major Numbers	984
MemoryOS 3 Digit Major Numbers	985
MemoryOS 3 Digit Major Numbers	986
MemoryOS 3 Digit Major Numbers	987
MemoryOS 3 Digit Major Numbers	988
MemoryOS 3 Digit Major Numbers	989
MemoryOS 3 Digit Major Numbers	990
MemoryOS 3 Digit Major Numbers	991
MemoryOS 3 Digit Major Numbers	992
MemoryOS 3 Digit Major Numbers	993
MemoryOS 3 Digit Major Numbers	994
MemoryOS 3 Digit Major Numbers	995
MemoryOS 3 Digit Major Numbers	996
MemoryOS 3 Digit Major Numbers	997
MemoryOS 3 Digit Major Numbers	998
MemoryOS 3 Digit Major Numbers	999
MemoryOS 3 Digit Major Numbers	1000
MemoryOS 3 Digit Major Numbers	1001
MemoryOS 3 Digit Major Numbers	1002
MemoryOS 3 Digit Major Numbers	1003
MemoryOS 3 Digit Major Numbers	1004
MemoryOS 3 Digit Major Numbers	1005
MemoryOS 3 Digit Major Numbers	1006
MemoryOS 3 Digit Major Numbers	1007
MemoryOS 3 Digit Major Numbers	1008
MemoryOS 3 Digit Major Numbers	1009
MemoryOS 3 Digit Major Numbers	1010
MemoryOS 3 Digit Major Numbers	1011
MemoryOS 3 Digit Major Numbers	1012
MemoryOS 3 Digit Major Numbers	1013
MemoryOS 3 Digit Major Numbers	1014
MemoryOS 3 Digit Major Numbers	1015
MemoryOS 3 Digit Major Numbers	1016
MemoryOS 3 Digit Major Numbers	1017
MemoryOS 3 Digit Major Numbers	1018
MemoryOS 3 Digit Major Numbers	1019
MemoryOS 3 Digit Major Numbers	1020
MemoryOS 3 Digit Major Numbers	1021
MemoryOS 3 Digit Major Numbers	1022
MemoryOS 3 Digit Major Numbers	1023
MemoryOS 3 Digit Major Numbers	1024
MemoryOS 3 Digit Major Numbers	1025
MemoryOS 3 Digit Major Numbers	1026
MemoryOS 3 Digit Major Numbers	1027
MemoryOS 3 Digit Major Numbers	1028
MemoryOS 3 Digit Major Numbers	1029
MemoryOS 3 Digit Major Numbers	1030
MemoryOS 3 Digit Major Numbers	1031
MemoryOS 3 Digit Major Numbers	1032
MemoryOS 3 Digit Major Numbers	1033
MemoryOS 3 Digit Major Numbers	1034
MemoryOS 3 Digit Major Numbers	1035
MemoryOS 3 Digit Major Numbers	1036
MemoryOS 3 Digit Major Numbers	1037
MemoryOS 3 Digit Major Numbers	1038
MemoryOS 3 Digit Major Numbers	1039
MemoryOS 3 Digit Major Numbers	1040
MemoryOS 3 Digit Major Numbers	1041
MemoryOS 3 Digit Major Numbers	1042
MemoryOS 3 Digit Major Numbers	1043
MemoryOS 3 Digit Major Numbers	1044
MemoryOS 3 Digit Major Numbers	1045
MemoryOS 3 Digit Major Numbers	1046
MemoryOS 3 Digit Major Numbers	1047
MemoryOS 3 Digit Major Numbers	1048
MemoryOS 3 Digit Major Numbers	1049
MemoryOS 3 Digit Major Numbers	1050
MemoryOS 3 Digit Major Numbers	1051
MemoryOS 3 Digit Major Numbers	1052
MemoryOS 3 Digit Major Numbers	1053
MemoryOS 3 Digit Major Numbers	1054
MemoryOS 3 Digit Major Numbers	1055
MemoryOS 3 Digit Major Numbers	1056
MemoryOS 3 Digit Major Numbers	1057
MemoryOS 3 Digit Major Numbers	1058
MemoryOS 3 Digit Major Numbers	1059
MemoryOS 3 Digit Major Numbers	1060
MemoryOS 3 Digit Major Numbers	1061
MemoryOS 3 Digit Major Numbers	1062
MemoryOS 3 Digit Major Numbers	1063
MemoryOS 3 Digit Major Numbers	1064
MemoryOS 3 Digit Major Numbers	1065
MemoryOS 3 Digit Major Numbers	1066
MemoryOS 3 Digit Major Numbers	1067
MemoryOS 3 Digit Major Numbers	1068
MemoryOS 3 Digit Major Numbers	1069
MemoryOS 3 Digit Major Numbers	1070
MemoryOS 3 Digit Major Numbers	1071
MemoryOS 3 Digit Major Numbers	1072
MemoryOS 3 Digit Major Numbers	1073
MemoryOS 3 Digit Major Numbers	1074
MemoryOS 3 Digit Major Numbers	1075
MemoryOS 3 Digit Major Numbers	1076
MemoryOS 3 Digit Major Numbers	1077
MemoryOS 3 Digit Major Numbers	1078
MemoryOS 3 Digit Major Numbers	1079
MemoryOS 3 Digit Major Numbers	1080
MemoryOS 3 Digit Major Numbers	1081
MemoryOS 3 Digit Major Numbers	1082
MemoryOS 3 Digit Major Numbers	1083
MemoryOS 3 Digit Major Numbers	1084
MemoryOS 3 Digit Major Numbers	1085
