MemoryOS 3 Digit Major Numbers,404,Razor
MemoryOS 3 Digit Major Numbers,405,Russell
MemoryOS 3 Digit Major Numbers,406,Horseshoe
MemoryOS 3 Digit Major Numbers,407,Race car
MemoryOS 3 Digit Major Numbers,408,Receiver
MemoryOS 3 Digit Major Numbers,409,Raspberry
MemoryOS 3 Digit Major Numbers,410,Rats
MemoryOS 3 Digit Major Numbers,411,Ratatouille
MemoryOS 3 Digit Major Numbers,412,Rotten
MemoryOS 3 Digit Major Numbers,413,Radium
MemoryOS 3 Digit Major Numbers,414,Rotor
MemoryOS 3 Digit Major Numbers,415,Rattlesnake
MemoryOS 3 Digit Major Numbers,416,Radish
MemoryOS 3 Digit Major Numbers,417,Warthog
MemoryOS 3 Digit Major Numbers,418,Radiowaves
MemoryOS 3 Digit Major Numbers,419,Root Beer
MemoryOS 3 Digit Major Numbers,420,Uranus
MemoryOS 3 Digit Major Numbers,421,Reindeer
MemoryOS 3 Digit Major Numbers,422,Urn
MemoryOS 3 Digit Major Numbers,423,Rain Man
MemoryOS 3 Digit Major Numbers,424,Runner
MemoryOS 3 Digit Major Numbers,425,Urinal
MemoryOS 3 Digit Major Numbers,426,Orange
MemoryOS 3 Digit Major Numbers,427,Ringo
MemoryOS 3 Digit Major Numbers,428,Run Forrest Run
MemoryOS 3 Digit Major Numbers,429,Rainbow
MemoryOS 3 Digit Major Numbers,430,Arms
MemoryOS 3 Digit Major Numbers,431,Remote
MemoryOS 3 Digit Major Numbers,432,Roman
MemoryOS 3 Digit Major Numbers,433,Ram
MemoryOS 3 Digit Major Numbers,434,armor
MemoryOS 3 Digit Major Numbers,435,Wormhole
MemoryOS 3 Digit Major Numbers,436,Armchair
MemoryOS 3 Digit Major Numbers,437,Remake
MemoryOS 3 Digit Major Numbers,438,Earmuff
MemoryOS 3 Digit Major Numbers,439,Ramp
MemoryOS 3 Digit Major Numbers,440,Errors
MemoryOS 3 Digit Major Numbers,441,Rarity
MemoryOS 3 Digit Major Numbers,442,Rerun
MemoryOS 3 Digit Major Numbers,443,War Room
MemoryOS 3 Digit Major Numbers,444,Aurora
MemoryOS 3 Digit Major Numbers,445,Rural
MemoryOS 3 Digit Major Numbers,446,Air Rage
MemoryOS 3 Digit Major Numbers,447,Wirework
MemoryOS 3 Digit Major Numbers,448,Hairy ref
MemoryOS 3 Digit Major Numbers,449,Wire rope
MemoryOS 3 Digit Major Numbers,450,Rules
MemoryOS 3 Digit Major Numbers,451,Roulette
MemoryOS 3 Digit Major Numbers,452,Railing
MemoryOS 3 Digit Major Numbers,453,Roll mower
MemoryOS 3 Digit Major Numbers,454,Rollercoaster
MemoryOS 3 Digit Major Numbers,455,Railing
MemoryOS 3 Digit Major Numbers,456,Relish
MemoryOS 3 Digit Major Numbers,457,Warlock
MemoryOS 3 Digit Major Numbers,458,Ralph
MemoryOS 3 Digit Major Numbers,459,Roll Up
MemoryOS 3 Digit Major Numbers,460,Riches
MemoryOS 3 Digit Major Numbers,461,Orchid
MemoryOS 3 Digit Major Numbers,462,Origin
MemoryOS 3 Digit Major Numbers,463,Regime
MemoryOS 3 Digit Major Numbers,464,Rush hour
MemoryOS 3 Digit Major Numbers,465,Hair gel
MemoryOS 3 Digit Major Numbers,466,Rosh Hashana
MemoryOS 3 Digit Major Numbers,467,Recheck
MemoryOS 3 Digit Major Numbers,468,Rage Virus
MemoryOS 3 Digit Major Numbers,469,Airship
MemoryOS 3 Digit Major Numbers,470,Rooks
MemoryOS 3 Digit Major Numbers,471,Rocket
MemoryOS 3 Digit Major Numbers,472,Raccoon
MemoryOS 3 Digit Major Numbers,473,Origami
MemoryOS 3 Digit Major Numbers,474,Rocker
MemoryOS 3 Digit Major Numbers,475,Oracle
MemoryOS 3 Digit Major Numbers,476,Rickshaw
MemoryOS 3 Digit Major Numbers,477,Rock
MemoryOS 3 Digit Major Numbers,478,Archive
MemoryOS 3 Digit Major Numbers,479,Rugby
MemoryOS 3 Digit Major Numbers,480,Roofs
MemoryOS 3 Digit Major Numbers,481,Raft
MemoryOS 3 Digit Major Numbers,482,Raven
MemoryOS 3 Digit Major Numbers,483,Revamp
MemoryOS 3 Digit Major Numbers,484,Rover
MemoryOS 3 Digit Major Numbers,485,Rifle
MemoryOS 3 Digit Major Numbers,486,Refugee
MemoryOS 3 Digit Major Numbers,487,Horrific
MemoryOS 3 Digit Major Numbers,488,Reef
MemoryOS 3 Digit Major Numbers,489,Rev up
MemoryOS 3 Digit Major Numbers,490,ribs
MemoryOS 3 Digit Major Numbers,491,Robot
MemoryOS 3 Digit Major Numbers,492,Ribbon
MemoryOS 3 Digit Major Numbers,493,Harp melody
MemoryOS 3 Digit Major Numbers,494,Reaper
MemoryOS 3 Digit Major Numbers,495,rubble
MemoryOS 3 Digit Major Numbers,496,rubbish
MemoryOS 3 Digit Major Numbers,497,Airbag
MemoryOS 3 Digit Major Numbers,498,Rip-off
MemoryOS 3 Digit Major Numbers,499,Ruby
MemoryOS 3 Digit Major Numbers,500,Laces
MemoryOS 3 Digit Major Numbers,501,List
MemoryOS 3 Digit Major Numbers,502,License
MemoryOS 3 Digit Major Numbers,503,Elysium
MemoryOS 3 Digit Major Numbers,504,Laser
MemoryOS 3 Digit Major Numbers,505,Liesl
MemoryOS 3 Digit Major Numbers,506,Eel Sushi
MemoryOS 3 Digit Major Numbers,507,Alaska
MemoryOS 3 Digit Major Numbers,508,Lucifer
MemoryOS 3 Digit Major Numbers,509,Lisp
MemoryOS 3 Digit Major Numbers,510,Lettuce
MemoryOS 3 Digit Major Numbers,511,Lie Detector
MemoryOS 3 Digit Major Numbers,512,Aladdin
MemoryOS 3 Digit Major Numbers,513,Litmus Paper
MemoryOS 3 Digit Major Numbers,514,Ladder
MemoryOS 3 Digit Major Numbers,515,Ladle
MemoryOS 3 Digit Major Numbers,516,Litchi
MemoryOS 3 Digit Major Numbers,517,Let Go
MemoryOS 3 Digit Major Numbers,518,Ludwig
MemoryOS 3 Digit Major Numbers,519,Ladybug
MemoryOS 3 Digit Major Numbers,520,Lance
MemoryOS 3 Digit Major Numbers,521,Lantern
MemoryOS 3 Digit Major Numbers,522,Linen
MemoryOS 3 Digit Major Numbers,523,Lawnmower
MemoryOS 3 Digit Major Numbers,524,eye liner
MemoryOS 3 Digit Major Numbers,525,lonely
MemoryOS 3 Digit Major Numbers,526,lunchbag
MemoryOS 3 Digit Major Numbers,527,link
MemoryOS 3 Digit Major Numbers,528,lionfish
MemoryOS 3 Digit Major Numbers,529,lineup
MemoryOS 3 Digit Major Numbers,530,limestone
MemoryOS 3 Digit Major Numbers,531,helmet
MemoryOS 3 Digit Major Numbers,532,lemon
MemoryOS 3 Digit Major Numbers,533,loom
MemoryOS 3 Digit Major Numbers,534,lemur
MemoryOS 3 Digit Major Numbers,535,limelight
MemoryOS 3 Digit Major Numbers,536,all macho
MemoryOS 3 Digit Major Numbers,537,olmec
MemoryOS 3 Digit Major Numbers,538,lymph
MemoryOS 3 Digit Major Numbers,539,lamp 
MemoryOS 3 Digit Major Numbers,540,walrus
MemoryOS 3 Digit Major Numbers,541,lord
MemoryOS 3 Digit Major Numbers,542,learn
MemoryOS 3 Digit Major Numbers,543,alarm
MemoryOS 3 Digit Major Numbers,544,laura
MemoryOS 3 Digit Major Numbers,545,laurel
MemoryOS 3 Digit Major Numbers,546,large
MemoryOS 3 Digit Major Numbers,547,lark
MemoryOS 3 Digit Major Numbers,548,larva
MemoryOS 3 Digit Major Numbers,549,SARP
MemoryOS 3 Digit Major Numbers,550,lawless
MemoryOS 3 Digit Major Numbers,551,lilt
MemoryOS 3 Digit Major Numbers,552,lillian
MemoryOS 3 Digit Major Numbers,553,Llama
MemoryOS 3 Digit Major Numbers,554,lularoe
MemoryOS 3 Digit Major Numbers,555,la la land
MemoryOS 3 Digit Major Numbers,556,hallelujah
MemoryOS 3 Digit Major Numbers,557,lilac
MemoryOS 3 Digit Major Numbers,558,lowlife
MemoryOS 3 Digit Major Numbers,559,lollipop
MemoryOS 3 Digit Major Numbers,560,leeches
MemoryOS 3 Digit Major Numbers,561,legit
MemoryOS 3 Digit Major Numbers,562,legion
MemoryOS 3 Digit Major Numbers,563,alchemy
MemoryOS 3 Digit Major Numbers,564,algeria
MemoryOS 3 Digit Major Numbers,565,yellow jewel
MemoryOS 3 Digit Major Numbers,566,leash
MemoryOS 3 Digit Major Numbers,567,logic
MemoryOS 3 Digit Major Numbers,568,le chef
MemoryOS 3 Digit Major Numbers,569,oil ship
MemoryOS 3 Digit Major Numbers,570,legs
MemoryOS 3 Digit Major Numbers,571,locked
MemoryOS 3 Digit Major Numbers,572,lagoon
MemoryOS 3 Digit Major Numbers,573,laocomotive
MemoryOS 3 Digit Major Numbers,574,licorice
MemoryOS 3 Digit Major Numbers,575,alcohol
MemoryOS 3 Digit Major Numbers,576,luggage
MemoryOS 3 Digit Major Numbers,577,logic
MemoryOS 3 Digit Major Numbers,578,alcove
MemoryOS 3 Digit Major Numbers,579,helicopter
MemoryOS 3 Digit Major Numbers,580,elvis
MemoryOS 3 Digit Major Numbers,581,lift
MemoryOS 3 Digit Major Numbers,582,lifenet
MemoryOS 3 Digit Major Numbers,583,half-moon
MemoryOS 3 Digit Major Numbers,584,lever
MemoryOS 3 Digit Major Numbers,585,lava lamp
MemoryOS 3 Digit Major Numbers,586,elvish
MemoryOS 3 Digit Major Numbers,587,lifeguard
MemoryOS 3 Digit Major Numbers,588,leaf
MemoryOS 3 Digit Major Numbers,589,lifebuoy
MemoryOS 3 Digit Major Numbers,590,lobster
MemoryOS 3 Digit Major Numbers,591,laptop
MemoryOS 3 Digit Major Numbers,592,albino
MemoryOS 3 Digit Major Numbers,593,album
MemoryOS 3 Digit Major Numbers,594,leopard
MemoryOS 3 Digit Major Numbers,595,label
MemoryOS 3 Digit Major Numbers,596,LBJ
MemoryOS 3 Digit Major Numbers,597,labccoat
MemoryOS 3 Digit Major Numbers,598,leap off
MemoryOS 3 Digit Major Numbers,599,lip balm
MemoryOS 3 Digit Major Numbers,600,jesus
MemoryOS 3 Digit Major Numbers,601,jester
MemoryOS 3 Digit Major Numbers,602,jason
MemoryOS 3 Digit Major Numbers,603,chess match
MemoryOS 3 Digit Major Numbers,604,chess rook
MemoryOS 3 Digit Major Numbers,605,chisel
MemoryOS 3 Digit Major Numbers,606,jessie j 
MemoryOS 3 Digit Major Numbers,607,jessica 
MemoryOS 3 Digit Major Numbers,608,joseph
MemoryOS 3 Digit Major Numbers,609,cheeseburger
MemoryOS 3 Digit Major Numbers,610,shades
MemoryOS 3 Digit Major Numbers,611,shadow
MemoryOS 3 Digit Major Numbers,612,chutney
MemoryOS 3 Digit Major Numbers,613,showtime
MemoryOS 3 Digit Major Numbers,614,ashtray
MemoryOS 3 Digit Major Numbers,615,shuttle
MemoryOS 3 Digit Major Numbers,616,sheet chair
MemoryOS 3 Digit Major Numbers,617,shotgun
MemoryOS 3 Digit Major Numbers,618,shut off
MemoryOS 3 Digit Major Numbers,619,jetpack
MemoryOS 3 Digit Major Numbers,620,jonas
MemoryOS 3 Digit Major Numbers,621,giant
MemoryOS 3 Digit Major Numbers,622,jane
MemoryOS 3 Digit Major Numbers,623,genome
MemoryOS 3 Digit Major Numbers,624,general
MemoryOS 3 Digit Major Numbers,625,chanel 
MemoryOS 3 Digit Major Numbers,626,\gingerbread
MemoryOS 3 Digit Major Numbers,627,junk
MemoryOS 3 Digit Major Numbers,628,jennifer
MemoryOS 3 Digit Major Numbers,629,juniper
MemoryOS 3 Digit Major Numbers,630,james
MemoryOS 3 Digit Major Numbers,631,ashamed
MemoryOS 3 Digit Major Numbers,632,chimney
MemoryOS 3 Digit Major Numbers,633,chamomile
MemoryOS 3 Digit Major Numbers,634,Shamrock
MemoryOS 3 Digit Major Numbers,635,gmail
MemoryOS 3 Digit Major Numbers,636,gymshoe
MemoryOS 3 Digit Major Numbers,637,Jamaica
MemoryOS 3 Digit Major Numbers,638,Jam fruit
MemoryOS 3 Digit Major Numbers,639,Jumbojet
MemoryOS 3 Digit Major Numbers,640,Jurassic
MemoryOS 3 Digit Major Numbers,641,Chariot
MemoryOS 3 Digit Major Numbers,642,Shrine
MemoryOS 3 Digit Major Numbers,643,Shrimp
MemoryOS 3 Digit Major Numbers,644,Juror
MemoryOS 3 Digit Major Numbers,645,Cheerleader
MemoryOS 3 Digit Major Numbers,646,Church
MemoryOS 3 Digit Major Numbers,647,Shark
MemoryOS 3 Digit Major Numbers,648,Giraffe
MemoryOS 3 Digit Major Numbers,649,Cherub
MemoryOS 3 Digit Major Numbers,650,Julius
MemoryOS 3 Digit Major Numbers,651,Shield
MemoryOS 3 Digit Major Numbers,652,Chilean
MemoryOS 3 Digit Major Numbers,653,Shalom
MemoryOS 3 Digit Major Numbers,654,Jailor
MemoryOS 3 Digit Major Numbers,655,Jelly
MemoryOS 3 Digit Major Numbers,656,Jolly Jumper
MemoryOS 3 Digit Major Numbers,657,Chalk
MemoryOS 3 Digit Major Numbers,658,Jellyfish
MemoryOS 3 Digit Major Numbers,659,chili pepper
MemoryOS 3 Digit Major Numbers,660,chowchows
MemoryOS 3 Digit Major Numbers,661,jujutsu
MemoryOS 3 Digit Major Numbers,662,shoeshine
MemoryOS 3 Digit Major Numbers,663,Jay Jim
MemoryOS 3 Digit Major Numbers,664,Cheshire Cat
MemoryOS 3 Digit Major Numbers,665,Chew Jelly
MemoryOS 3 Digit Major Numbers,666,chachacha
MemoryOS 3 Digit Major Numbers,667,chi chick
MemoryOS 3 Digit Major Numbers,668,shechef
MemoryOS 3 Digit Major Numbers,669,jujube
MemoryOS 3 Digit Major Numbers,670,sugsaw
MemoryOS 3 Digit Major Numbers,671,jacket
MemoryOS 3 Digit Major Numbers,672,chicken
MemoryOS 3 Digit Major Numbers,673,checkmate
MemoryOS 3 Digit Major Numbers,674,joker
MemoryOS 3 Digit Major Numbers,675,juggle
MemoryOS 3 Digit Major Numbers,676,joke show
MemoryOS 3 Digit Major Numbers,677,chicago
MemoryOS 3 Digit Major Numbers,678,shockwave
MemoryOS 3 Digit Major Numbers,679,jukebox
MemoryOS 3 Digit Major Numbers,680,chives
MemoryOS 3 Digit Major Numbers,681,chef hat
MemoryOS 3 Digit Major Numbers,682,juvenile
MemoryOS 3 Digit Major Numbers,683,chef muppet
MemoryOS 3 Digit Major Numbers,684,chaffeur
MemoryOS 3 Digit Major Numbers,685,showvel
MemoryOS 3 Digit Major Numbers,686,shiva shoes
MemoryOS 3 Digit Major Numbers,687,JFK
MemoryOS 3 Digit Major Numbers,688,Jvaa
MemoryOS 3 Digit Major Numbers,689,Achievable
MemoryOS 3 Digit Major Numbers,690,Chips
MemoryOS 3 Digit Major Numbers,691,Egypt
MemoryOS 3 Digit Major Numbers,692,Chopin
MemoryOS 3 Digit Major Numbers,693,Chipmunk
MemoryOS 3 Digit Major Numbers,694,Jeopardy
MemoryOS 3 Digit Major Numbers,695,Chapel
MemoryOS 3 Digit Major Numbers,696,Chop chop
MemoryOS 3 Digit Major Numbers,697,chupacabra
MemoryOS 3 Digit Major Numbers,698,s-heep face
MemoryOS 3 Digit Major Numbers,699,chip
MemoryOS 3 Digit Major Numbers,700,gas 
MemoryOS 3 Digit Major Numbers,701,gahost
MemoryOS 3 Digit Major Numbers,702,casino
MemoryOS 3 Digit Major Numbers,703,Kazam
MemoryOS 3 Digit Major Numbers,704,Geyser
MemoryOS 3 Digit Major Numbers,705,Gazelle
MemoryOS 3 Digit Major Numbers,706,egg sushi
MemoryOS 3 Digit Major Numbers,707,kiosk
MemoryOS 3 Digit Major Numbers,708,cassava
MemoryOS 3 Digit Major Numbers,709,gazebo
MemoryOS 3 Digit Major Numbers,710,Godzilla
MemoryOS 3 Digit Major Numbers,711,Cut-out
MemoryOS 3 Digit Major Numbers,712,Kitten
MemoryOS 3 Digit Major Numbers,713,Academy
MemoryOS 3 Digit Major Numbers,714,Guitar
MemoryOS 3 Digit Major Numbers,715,Kettle
MemoryOS 3 Digit Major Numbers,716,Ketchup
MemoryOS 3 Digit Major Numbers,717,Kodiak bear
MemoryOS 3 Digit Major Numbers,718,Catfish
MemoryOS 3 Digit Major Numbers,719,Goodbye
MemoryOS 3 Digit Major Numbers,720,Guinness
MemoryOS 3 Digit Major Numbers,721,Candy
MemoryOS 3 Digit Major Numbers,722,Cannon
MemoryOS 3 Digit Major Numbers,723,Economy
MemoryOS 3 Digit Major Numbers,724,Canary
MemoryOS 3 Digit Major Numbers,725,Kennel 
MemoryOS 3 Digit Major Numbers,726,Ganja
MemoryOS 3 Digit Major Numbers,727,King kong
MemoryOS 3 Digit Major Numbers,728,canvas
MemoryOS 3 Digit Major Numbers,729,canopy
MemoryOS 3 Digit Major Numbers,730,chemisttry
MemoryOS 3 Digit Major Numbers,731,comet
MemoryOS 3 Digit Major Numbers,732,kimono
MemoryOS 3 Digit Major Numbers,733,camembert
MemoryOS 3 Digit Major Numbers,734,camera
MemoryOS 3 Digit Major Numbers,735,camel 
MemoryOS 3 Digit Major Numbers,736,kimchi
MemoryOS 3 Digit Major Numbers,737,comic
MemoryOS 3 Digit Major Numbers,738,camouflage
MemoryOS 3 Digit Major Numbers,739,campfire
MemoryOS 3 Digit Major Numbers,740,grasshopper
MemoryOS 3 Digit Major Numbers,741,catrrot
MemoryOS 3 Digit Major Numbers,742,crane
MemoryOS 3 Digit Major Numbers,743,chrome
MemoryOS 3 Digit Major Numbers,744,courier
MemoryOS 3 Digit Major Numbers,745,grill
MemoryOS 3 Digit Major Numbers,746,garage
MemoryOS 3 Digit Major Numbers,747,cork
MemoryOS 3 Digit Major Numbers,748,grave
MemoryOS 3 Digit Major Numbers,749,crab
MemoryOS 3 Digit Major Numbers,750,glass
MemoryOS 3 Digit Major Numbers,751,gold
MemoryOS 3 Digit Major Numbers,752,clown
MemoryOS 3 Digit Major Numbers,753,gollum
MemoryOS 3 Digit Major Numbers,754,collar
MemoryOS 3 Digit Major Numbers,755,ukulele
MemoryOS 3 Digit Major Numbers,756,goulash
MemoryOS 3 Digit Major Numbers,757,colock
MemoryOS 3 Digit Major Numbers,758,golf ball
MemoryOS 3 Digit Major Numbers,759,club
MemoryOS 3 Digit Major Numbers,760,cashews
MemoryOS 3 Digit Major Numbers,761,cachet
MemoryOS 3 Digit Major Numbers,762,cushion
MemoryOS 3 Digit Major Numbers,763,kashmir
MemoryOS 3 Digit Major Numbers,764,cashier
MemoryOS 3 Digit Major Numbers,765,eggshell
MemoryOS 3 Digit Major Numbers,766,coach
MemoryOS 3 Digit Major Numbers,767,cash cow
MemoryOS 3 Digit Major Numbers,768,cashflw
MemoryOS 3 Digit Major Numbers,769,KGB
MemoryOS 3 Digit Major Numbers,770,Cookies
MemoryOS 3 Digit Major Numbers,771,cactus
MemoryOS 3 Digit Major Numbers,772,coconut
MemoryOS 3 Digit Major Numbers,773,cucumber
MemoryOS 3 Digit Major Numbers,774,cougar
MemoryOS 3 Digit Major Numbers,775,goggles
MemoryOS 3 Digit Major Numbers,776,cookie jar
MemoryOS 3 Digit Major Numbers,777,kayak
MemoryOS 3 Digit Major Numbers,778,cacaphony
MemoryOS 3 Digit Major Numbers,779,cacao bean
MemoryOS 3 Digit Major Numbers,780,cuffs
MemoryOS 3 Digit Major Numbers,781,gift
MemoryOS 3 Digit Major Numbers,782,coffin
MemoryOS 3 Digit Major Numbers,783,caveman
MemoryOS 3 Digit Major Numbers,784,caviar
MemoryOS 3 Digit Major Numbers,785,gavel
MemoryOS 3 Digit Major Numbers,786,cough drop
MemoryOS 3 Digit Major Numbers,787,kafka
MemoryOS 3 Digit Major Numbers,788,kiwi
MemoryOS 3 Digit Major Numbers,789,goofball
MemoryOS 3 Digit Major Numbers,790,cops
MemoryOS 3 Digit Major Numbers,791,cupid
MemoryOS 3 Digit Major Numbers,792,cabin
MemoryOS 3 Digit Major Numbers,793,kaboom
MemoryOS 3 Digit Major Numbers,794,cobra
MemoryOS 3 Digit Major Numbers,795,cable 
MemoryOS 3 Digit Major Numbers,796,cabbage
MemoryOS 3 Digit Major Numbers,797,kopek
MemoryOS 3 Digit Major Numbers,798,cupful
MemoryOS 3 Digit Major Numbers,799,kebab
MemoryOS 3 Digit Major Numbers,800,Fez
MemoryOS 3 Digit Major Numbers,801,Vest
MemoryOS 3 Digit Major Numbers,802,Fusion
MemoryOS 3 Digit Major Numbers,803,Basement
MemoryOS 3 Digit Major Numbers,804,Visor
MemoryOS 3 Digit Major Numbers,805,Fossil
MemoryOS 3 Digit Major Numbers,806,Face shield
MemoryOS 3 Digit Major Numbers,807,Physique
MemoryOS 3 Digit Major Numbers,808,Phosphorus
MemoryOS 3 Digit Major Numbers,809,Vespa
MemoryOS 3 Digit Major Numbers,810,Fetus
MemoryOS 3 Digit Major Numbers,811,Feta
MemoryOS 3 Digit Major Numbers,812,Futon
MemoryOS 3 Digit Major Numbers,813,Fatima
MemoryOS 3 Digit Major Numbers,814,Avator
MemoryOS 3 Digit Major Numbers,815,Fiddle
MemoryOS 3 Digit Major Numbers,816,Fudge
MemoryOS 3 Digit Major Numbers,817,Vodka
MemoryOS 3 Digit Major Numbers,818,Photo frame
MemoryOS 3 Digit Major Numbers,819,football
MemoryOS 3 Digit Major Numbers,820,fence
MemoryOS 3 Digit Major Numbers,821,fountain
MemoryOS 3 Digit Major Numbers,822,faun
MemoryOS 3 Digit Major Numbers,823,venom
MemoryOS 3 Digit Major Numbers,824,vineyard 
MemoryOS 3 Digit Major Numbers,825,funnel
MemoryOS 3 Digit Major Numbers,826,finish
MemoryOS 3 Digit Major Numbers,827,fungus
MemoryOS 3 Digit Major Numbers,828,fanfare
MemoryOS 3 Digit Major Numbers,829,fanny pack
MemoryOS 3 Digit Major Numbers,830,famous
MemoryOS 3 Digit Major Numbers,831,vomit
MemoryOS 3 Digit Major Numbers,832,feminist
MemoryOS 3 Digit Major Numbers,833,fame monster
MemoryOS 3 Digit Major Numbers,834,femur
MemoryOS 3 Digit Major Numbers,835,family
MemoryOS 3 Digit Major Numbers,836,famish 
MemoryOS 3 Digit Major Numbers,837,fumigator
MemoryOS 3 Digit Major Numbers,838,femme fatale
MemoryOS 3 Digit Major Numbers,839,vampire
MemoryOS 3 Digit Major Numbers,840,ferris wheel
MemoryOS 3 Digit Major Numbers,841,fart
MemoryOS 3 Digit Major Numbers,842,fern
MemoryOS 3 Digit Major Numbers,843,form
MemoryOS 3 Digit Major Numbers,844,ivory
MemoryOS 3 Digit Major Numbers,845,overall
MemoryOS 3 Digit Major Numbers,846,fresh
MemoryOS 3 Digit Major Numbers,847,frog
MemoryOS 3 Digit Major Numbers,848,firegihter
MemoryOS 3 Digit Major Numbers,849,fireball
MemoryOS 3 Digit Major Numbers,850,flies
MemoryOS 3 Digit Major Numbers,851,flute
MemoryOS 3 Digit Major Numbers,852,violin
MemoryOS 3 Digit Major Numbers,853,flamingo
MemoryOS 3 Digit Major Numbers,854,flour
MemoryOS 3 Digit Major Numbers,855,waffle
MemoryOS 3 Digit Major Numbers,856,flashlight
MemoryOS 3 Digit Major Numbers,857,flag
MemoryOS 3 Digit Major Numbers,858,valve
MemoryOS 3 Digit Major Numbers,859,flipper
MemoryOS 3 Digit Major Numbers,860,veggie stand
MemoryOS 3 Digit Major Numbers,861,fajitas
MemoryOS 3 Digit Major Numbers,862,fashion
MemoryOS 3 Digit Major Numbers,863,fujiyama
MemoryOS 3 Digit Major Numbers,864,voucher
MemoryOS 3 Digit Major Numbers,865,official
MemoryOS 3 Digit Major Numbers,866,fiji
MemoryOS 3 Digit Major Numbers,867,fishhook
MemoryOS 3 Digit Major Numbers,868,fish food
MemoryOS 3 Digit Major Numbers,869,fish bowl\
MemoryOS 3 Digit Major Numbers,870,vegas
MemoryOS 3 Digit Major Numbers,871,avocado
MemoryOS 3 Digit Major Numbers,872,fagin
MemoryOS 3 Digit Major Numbers,873,vacuum
MemoryOS 3 Digit Major Numbers,874,vaquero
MemoryOS 3 Digit Major Numbers,875,vehicle
MemoryOS 3 Digit Major Numbers,876,I have cash
MemoryOS 3 Digit Major Numbers,877,vague
MemoryOS 3 Digit Major Numbers,878,fig fair
MemoryOS 3 Digit Major Numbers,879,vocab
MemoryOS 3 Digit Major Numbers,880,fauvism
MemoryOS 3 Digit Major Numbers,881,fifty cent
MemoryOS 3 Digit Major Numbers,882,vivian
MemoryOS 3 Digit Major Numbers,883,wave foam
MemoryOS 3 Digit Major Numbers,884,fever
MemoryOS 3 Digit Major Numbers,885,vivaldi
MemoryOS 3 Digit Major Numbers,886,five jacksons
MemoryOS 3 Digit Major Numbers,887,FIFA cup
MemoryOS 3 Digit Major Numbers,888,five jacksons
MemoryOS 3 Digit Major Numbers,889,Ufophobia
MemoryOS 3 Digit Major Numbers,890,Vibes
MemoryOS 3 Digit Major Numbers,891,Offbeat
MemoryOS 3 Digit Major Numbers,892,Fabian
MemoryOS 3 Digit Major Numbers,893,FBI Man
MemoryOS 3 Digit Major Numbers,894,Fiberglass
MemoryOS 3 Digit Major Numbers,895,Fable
MemoryOS 3 Digit Major Numbers,896,Foppish
MemoryOS 3 Digit Major Numbers,897,Heavy bag
MemoryOS 3 Digit Major Numbers,898,Huff puff
MemoryOS 3 Digit Major Numbers,899,veep
MemoryOS 3 Digit Major Numbers,900,boss
MemoryOS 3 Digit Major Numbers,901,psata
MemoryOS 3 Digit Major Numbers,902,bison 
MemoryOS 3 Digit Major Numbers,903,opossum
MemoryOS 3 Digit Major Numbers,904,bazaar
MemoryOS 3 Digit Major Numbers,905,puzzle
MemoryOS 3 Digit Major Numbers,906,passage
MemoryOS 3 Digit Major Numbers,907,bazooka
MemoryOS 3 Digit Major Numbers,908,passive
MemoryOS 3 Digit Major Numbers,909,baseball
MemoryOS 3 Digit Major Numbers,910,bats
MemoryOS 3 Digit Major Numbers,911,potato
MemoryOS 3 Digit Major Numbers,912,button
MemoryOS 3 Digit Major Numbers,913,padme
MemoryOS 3 Digit Major Numbers,914,battery
MemoryOS 3 Digit Major Numbers,915,bottle
MemoryOS 3 Digit Major Numbers,916,bage
MemoryOS 3 Digit Major Numbers,917,optics
MemoryOS 3 Digit Major Numbers,918,beautiful
MemoryOS 3 Digit Major Numbers,919,bedbug
MemoryOS 3 Digit Major Numbers,920,Pencil
MemoryOS 3 Digit Major Numbers,921,Peanut
MemoryOS 3 Digit Major Numbers,922,Banana
MemoryOS 3 Digit Major Numbers,923,Panama
MemoryOS 3 Digit Major Numbers,924,Banner
MemoryOS 3 Digit Major Numbers,925,Panel
MemoryOS 3 Digit Major Numbers,926,Banjo
MemoryOS 3 Digit Major Numbers,927,Punkrocker
MemoryOS 3 Digit Major Numbers,928,Bonfire
MemoryOS 3 Digit Major Numbers,929,Beanbag
MemoryOS 3 Digit Major Numbers,930,Poems
MemoryOS 3 Digit Major Numbers,931,Behemoth
MemoryOS 3 Digit Major Numbers,932,Apeman
MemoryOS 3 Digit Major Numbers,933,Puma
MemoryOS 3 Digit Major Numbers,934,Boomer
MemoryOS 3 Digit Major Numbers,935,Pamela
MemoryOS 3 Digit Major Numbers,936,Puma shoe
MemoryOS 3 Digit Major Numbers,937,Pemican
MemoryOS 3 Digit Major Numbers,938,Pamphlet
MemoryOS 3 Digit Major Numbers,939,Pump
MemoryOS 3 Digit Major Numbers,940,Paris
MemoryOS 3 Digit Major Numbers,941,Bread
MemoryOS 3 Digit Major Numbers,942,Barney
MemoryOS 3 Digit Major Numbers,943,Broom
MemoryOS 3 Digit Major Numbers,944,Barrier
MemoryOS 3 Digit Major Numbers,945,Pearl
MemoryOS 3 Digit Major Numbers,946,Brooch
MemoryOS 3 Digit Major Numbers,947,Brick
MemoryOS 3 Digit Major Numbers,948,Briefcase
MemoryOS 3 Digit Major Numbers,949,Barbie
MemoryOS 3 Digit Major Numbers,950,Bells
MemoryOS 3 Digit Major Numbers,951,Bullet
MemoryOS 3 Digit Major Numbers,952,Ballon
MemoryOS 3 Digit Major Numbers,953,Palm
MemoryOS 3 Digit Major Numbers,954,Ballerina
MemoryOS 3 Digit Major Numbers,955,Polo
MemoryOS 3 Digit Major Numbers,956,Bleach
MemoryOS 3 Digit Major Numbers,957,Black Olive
MemoryOS 3 Digit Major Numbers,958,Pelvis
MemoryOS 3 Digit Major Numbers,959,Blueberry
MemoryOS 3 Digit Major Numbers,960,Bushes
MemoryOS 3 Digit Major Numbers,961,Beach hut
MemoryOS 3 Digit Major Numbers,962,Pigeon
MemoryOS 3 Digit Major Numbers,963,Pajamas
MemoryOS 3 Digit Major Numbers,964,Pie chart
MemoryOS 3 Digit Major Numbers,965,Bachelor
MemoryOS 3 Digit Major Numbers,966,Peach
MemoryOS 3 Digit Major Numbers,967,Paycheck
MemoryOS 3 Digit Major Numbers,968,Bashful
MemoryOS 3 Digit Major Numbers,969,Bishop
MemoryOS 3 Digit Major Numbers,970,Picasso
MemoryOS 3 Digit Major Numbers,971,Bucket
MemoryOS 3 Digit Major Numbers,972,Bacon
MemoryOS 3 Digit Major Numbers,973,Pac-Man
MemoryOS 3 Digit Major Numbers,974,Poker
MemoryOS 3 Digit Major Numbers,975,Bagel
MemoryOS 3 Digit Major Numbers,976,Pikachu
MemoryOS 3 Digit Major Numbers,977,Peacock
MemoryOS 3 Digit Major Numbers,978,Bigfoot
MemoryOS 3 Digit Major Numbers,979,Backpack
MemoryOS 3 Digit Major Numbers,980,Obvious
MemoryOS 3 Digit Major Numbers,981,Buffet
MemoryOS 3 Digit Major Numbers,982,Buffoon
MemoryOS 3 Digit Major Numbers,983,Pavement
MemoryOS 3 Digit Major Numbers,984,Beaver
MemoryOS 3 Digit Major Numbers,985,Buffalo
MemoryOS 3 Digit Major Numbers,986,Boxfish
MemoryOS 3 Digit Major Numbers,987,Bivouac
MemoryOS 3 Digit Major Numbers,988,Piaf
MemoryOS 3 Digit Major Numbers,989,Puffball
MemoryOS 3 Digit Major Numbers,990,Pepsi
MemoryOS 3 Digit Major Numbers,991,Puppet
MemoryOS 3 Digit Major Numbers,992,Babboon
MemoryOS 3 Digit Major Numbers,993,Bob Marley
MemoryOS 3 Digit Major Numbers,994,Paperclip
MemoryOS 3 Digit Major Numbers,995,Bubble
MemoryOS 3 Digit Major Numbers,996,Babushka
MemoryOS 3 Digit Major Numbers,997,Popcorn
MemoryOS 3 Digit Major Numbers,998,Bobby Fischer
MemoryOS 3 Digit Major Numbers,999,Bob
