MemoryOS 3 Digit Major Numbers,000,Zeus
MemoryOS 3 Digit Major Numbers,001,Sister
MemoryOS 3 Digit Major Numbers,002,Assassin
MemoryOS 3 Digit Major Numbers,003,Sesame
MemoryOS 3 Digit Major Numbers,004,Caesar
MemoryOS 3 Digit Major Numbers,005,Cecilia
MemoryOS 3 Digit Major Numbers,006,Sausage
MemoryOS 3 Digit Major Numbers,007,Seasick
MemoryOS 3 Digit Major Numbers,008,Sisyphus
MemoryOS 3 Digit Major Numbers,009,Suspensory
MemoryOS 3 Digit Major Numbers,010,Sweets
MemoryOS 3 Digit Major Numbers,011,Stud
MemoryOS 3 Digit Major Numbers,012,Stone
MemoryOS 3 Digit Major Numbers,013,Stem
MemoryOS 3 Digit Major Numbers,014,Star
MemoryOS 3 Digit Major Numbers,015,Stool
MemoryOS 3 Digit Major Numbers,016,Switch
MemoryOS 3 Digit Major Numbers,017,Steak
MemoryOS 3 Digit Major Numbers,018,Stephen Hawking
MemoryOS 3 Digit Major Numbers,019,Stop sign
MemoryOS 3 Digit Major Numbers,020,Sunset
MemoryOS 3 Digit Major Numbers,021,Santa
MemoryOS 3 Digit Major Numbers,022,Sauna
MemoryOS 3 Digit Major Numbers,023,Snowman
MemoryOS 3 Digit Major Numbers,024,Sonar
MemoryOS 3 Digit Major Numbers,025,Snail
MemoryOS 3 Digit Major Numbers,026,Sonja
MemoryOS 3 Digit Major Numbers,027,Sonic
MemoryOS 3 Digit Major Numbers,028,Snowfall
MemoryOS 3 Digit Major Numbers,029,Snoopy
MemoryOS 3 Digit Major Numbers,030,Sims
MemoryOS 3 Digit Major Numbers,031,Smoothie
MemoryOS 3 Digit Major Numbers,032,Simon
MemoryOS 3 Digit Major Numbers,033,Sam
MemoryOS 3 Digit Major Numbers,034,Samurai
MemoryOS 3 Digit Major Numbers,035,Smile
MemoryOS 3 Digit Major Numbers,036,Smash
MemoryOS 3 Digit Major Numbers,037,Smoke
MemoryOS 3 Digit Major Numbers,038,Symphony
MemoryOS 3 Digit Major Numbers,039,Zombie
MemoryOS 3 Digit Major Numbers,040,Seahorse
MemoryOS 3 Digit Major Numbers,041,Sword
MemoryOS 3 Digit Major Numbers,042,Siren
MemoryOS 3 Digit Major Numbers,043,Swarm
MemoryOS 3 Digit Major Numbers,044,Zorro
MemoryOS 3 Digit Major Numbers,045,Cereal
MemoryOS 3 Digit Major Numbers,046,Surgeon
MemoryOS 3 Digit Major Numbers,047,Sargasso
MemoryOS 3 Digit Major Numbers,048,Surfing Board
MemoryOS 3 Digit Major Numbers,049,Syrup
MemoryOS 3 Digit Major Numbers,050,Salsa
MemoryOS 3 Digit Major Numbers,051,Salt
MemoryOS 3 Digit Major Numbers,052,Sea lion
MemoryOS 3 Digit Major Numbers,053,Salamander
MemoryOS 3 Digit Major Numbers,054,Solarium
MemoryOS 3 Digit Major Numbers,055,Sly
MemoryOS 3 Digit Major Numbers,056,Slush
MemoryOS 3 Digit Major Numbers,057,Slackline
MemoryOS 3 Digit Major Numbers,058,Silverplate
MemoryOS 3 Digit Major Numbers,059,Sailboat
MemoryOS 3 Digit Major Numbers,060,Sachs
MemoryOS 3 Digit Major Numbers,061,Sachet
MemoryOS 3 Digit Major Numbers,062,Sichuan pepper
MemoryOS 3 Digit Major Numbers,063,Such a memory!
MemoryOS 3 Digit Major Numbers,064,Easy chair
MemoryOS 3 Digit Major Numbers,065,seashell
MemoryOS 3 Digit Major Numbers,066,sage
MemoryOS 3 Digit Major Numbers,067,ass-shake
MemoryOS 3 Digit Major Numbers,068,Zoo chief
MemoryOS 3 Digit Major Numbers,069,usa shop
MemoryOS 3 Digit Major Numbers,070,skis
MemoryOS 3 Digit Major Numbers,071,squid
MemoryOS 3 Digit Major Numbers,072,scones
MemoryOS 3 Digit Major Numbers,073,scum
MemoryOS 3 Digit Major Numbers,074,oscar
MemoryOS 3 Digit Major Numbers,075,skull
MemoryOS 3 Digit Major Numbers,076,squash
MemoryOS 3 Digit Major Numbers,077,sake
MemoryOS 3 Digit Major Numbers,078,scuff
MemoryOS 3 Digit Major Numbers,079,scuba diver
MemoryOS 3 Digit Major Numbers,080,housewife
MemoryOS 3 Digit Major Numbers,081,swift
MemoryOS 3 Digit Major Numbers,082,souvenir
MemoryOS 3 Digit Major Numbers,083,sophomore
MemoryOS 3 Digit Major Numbers,084,safari
MemoryOS 3 Digit Major Numbers,085,asphalt
MemoryOS 3 Digit Major Numbers,086,sawfish
MemoryOS 3 Digit Major Numbers,087,savoy cabbage
MemoryOS 3 Digit Major Numbers,088,safe
MemoryOS 3 Digit Major Numbers,089,sofabed
MemoryOS 3 Digit Major Numbers,090,spouse
MemoryOS 3 Digit Major Numbers,091,spade
MemoryOS 3 Digit Major Numbers,092,spoon
MemoryOS 3 Digit Major Numbers,093,spam
MemoryOS 3 Digit Major Numbers,094,spray
MemoryOS 3 Digit Major Numbers,095,spool
MemoryOS 3 Digit Major Numbers,096,speech
MemoryOS 3 Digit Major Numbers,097,spaghetti
MemoryOS 3 Digit Major Numbers,098,spoof
MemoryOS 3 Digit Major Numbers,099,spy
MemoryOS 3 Digit Major Numbers,100,daisies
MemoryOS 3 Digit Major Numbers,101,toast
MemoryOS 3 Digit Major Numbers,102,dozen
MemoryOS 3 Digit Major Numbers,103,tasmanian devil
MemoryOS 3 Digit Major Numbers,104,taser
MemoryOS 3 Digit Major Numbers,105,tesla
MemoryOS 3 Digit Major Numbers,106,dosage
MemoryOS 3 Digit Major Numbers,107,disc
MemoryOS 3 Digit Major Numbers,108,adhesive
MemoryOS 3 Digit Major Numbers,109,teaspoon
MemoryOS 3 Digit Major Numbers,110,adidas
MemoryOS 3 Digit Major Numbers,111,deadwood
MemoryOS 3 Digit Major Numbers,112,titan
MemoryOS 3 Digit Major Numbers,113,totem
MemoryOS 3 Digit Major Numbers,114,tutor
MemoryOS 3 Digit Major Numbers,115,doodle
MemoryOS 3 Digit Major Numbers,116,ditch
MemoryOS 3 Digit Major Numbers,117,hotdog
MemoryOS 3 Digit Major Numbers,118,dead fox
MemoryOS 3 Digit Major Numbers,119,hot tub
MemoryOS 3 Digit Major Numbers,120,tennis
MemoryOS 3 Digit Major Numbers,121,tent
MemoryOS 3 Digit Major Numbers,122,tuna
MemoryOS 3 Digit Major Numbers,123,dynamite
MemoryOS 3 Digit Major Numbers,124,dinner
MemoryOS 3 Digit Major Numbers,125,tunnel
MemoryOS 3 Digit Major Numbers,126,tangerine
MemoryOS 3 Digit Major Numbers,127,tank
MemoryOS 3 Digit Major Numbers,128,tinfoil
MemoryOS 3 Digit Major Numbers,129,tenpin
MemoryOS 3 Digit Major Numbers,130,thames
MemoryOS 3 Digit Major Numbers,131,tomato
MemoryOS 3 Digit Major Numbers,132,diamond
MemoryOS 3 Digit Major Numbers,133,time machine
MemoryOS 3 Digit Major Numbers,134,timer
MemoryOS 3 Digit Major Numbers,135,oatmeal
MemoryOS 3 Digit Major Numbers,136,damage
MemoryOS 3 Digit Major Numbers,137,tomcat
MemoryOS 3 Digit Major Numbers,138,the movie
MemoryOS 3 Digit Major Numbers,139,dumbo
MemoryOS 3 Digit Major Numbers,140,dress
MemoryOS 3 Digit Major Numbers,141,dart
MemoryOS 3 Digit Major Numbers,142,trone
MemoryOS 3 Digit Major Numbers,143,tram
MemoryOS 3 Digit Major Numbers,144,dryer
MemoryOS 3 Digit Major Numbers,145,drill
MemoryOS 3 Digit Major Numbers,146,torah
MemoryOS 3 Digit Major Numbers,147,truck
MemoryOS 3 Digit Major Numbers,148,trophy
MemoryOS 3 Digit Major Numbers,149,drop
MemoryOS 3 Digit Major Numbers,150,tellus
MemoryOS 3 Digit Major Numbers,151,toilet
MemoryOS 3 Digit Major Numbers,152,dylan
MemoryOS 3 Digit Major Numbers,153,dilemma
MemoryOS 3 Digit Major Numbers,154,tailor
MemoryOS 3 Digit Major Numbers,155,delilah
MemoryOS 3 Digit Major Numbers,156,deluge
MemoryOS 3 Digit Major Numbers,157,talc
MemoryOS 3 Digit Major Numbers,158,tea leaf
MemoryOS 3 Digit Major Numbers,159,tulip
MemoryOS 3 Digit Major Numbers,160,duchess
MemoryOS 3 Digit Major Numbers,161,hatchet
MemoryOS 3 Digit Major Numbers,162,audition
MemoryOS 3 Digit Major Numbers,163,taj mahal
MemoryOS 3 Digit Major Numbers,164,teacher
MemoryOS 3 Digit Major Numbers,165,eat chili
MemoryOS 3 Digit Major Numbers,166,dishwasher
MemoryOS 3 Digit Major Numbers,167,hitchhiker
MemoryOS 3 Digit Major Numbers,168,déjà vu
MemoryOS 3 Digit Major Numbers,169,douchebag
MemoryOS 3 Digit Major Numbers,170,tacos
MemoryOS 3 Digit Major Numbers,171,ticket
MemoryOS 3 Digit Major Numbers,172,toucan
MemoryOS 3 Digit Major Numbers,173,dogma
MemoryOS 3 Digit Major Numbers,174,tiger
MemoryOS 3 Digit Major Numbers,175,tackle
MemoryOS 3 Digit Major Numbers,176,head coach
MemoryOS 3 Digit Major Numbers,177,toga
MemoryOS 3 Digit Major Numbers,178,takeoff
MemoryOS 3 Digit Major Numbers,179,tea cup
MemoryOS 3 Digit Major Numbers,180,device
MemoryOS 3 Digit Major Numbers,181,dvd
MemoryOS 3 Digit Major Numbers,182,typhoon
MemoryOS 3 Digit Major Numbers,183,defame
MemoryOS 3 Digit Major Numbers,184,diver
MemoryOS 3 Digit Major Numbers,185,devil
MemoryOS 3 Digit Major Numbers,186,death wish
MemoryOS 3 Digit Major Numbers,187,toothache
MemoryOS 3 Digit Major Numbers,188,toffee
MemoryOS 3 Digit Major Numbers,189,TV pause
MemoryOS 3 Digit Major Numbers,190,tipsy
MemoryOS 3 Digit Major Numbers,191,teapot
MemoryOS 3 Digit Major Numbers,192,tie pin
MemoryOS 3 Digit Major Numbers,193,Tip him
MemoryOS 3 Digit Major Numbers,194,Diaper
MemoryOS 3 Digit Major Numbers,195,Table
MemoryOS 3 Digit Major Numbers,196,Tub wash
MemoryOS 3 Digit Major Numbers,197,Teabag
MemoryOS 3 Digit Major Numbers,198,Top heavy
MemoryOS 3 Digit Major Numbers,199,Tap
MemoryOS 3 Digit Major Numbers,200,NASA
MemoryOS 3 Digit Major Numbers,201,Nest
MemoryOS 3 Digit Major Numbers,202,Nissan
MemoryOS 3 Digit Major Numbers,203,Enzyme
MemoryOS 3 Digit Major Numbers,204,Answer
MemoryOS 3 Digit Major Numbers,205,Han Solo
MemoryOS 3 Digit Major Numbers,206,No such thing
MemoryOS 3 Digit Major Numbers,207,Nasca lines
MemoryOS 3 Digit Major Numbers,208,nose flute
MemoryOS 3 Digit Major Numbers,209,sewspaper
MemoryOS 3 Digit Major Numbers,210,Ants
MemoryOS 3 Digit Major Numbers,211,Antidote
MemoryOS 3 Digit Major Numbers,212,Antenna
MemoryOS 3 Digit Major Numbers,213,Nutmeg
MemoryOS 3 Digit Major Numbers,214,Underwear
MemoryOS 3 Digit Major Numbers,215,Needle
MemoryOS 3 Digit Major Numbers,216,Sandwich
MemoryOS 3 Digit Major Numbers,217,Antique
MemoryOS 3 Digit Major Numbers,218,Notification
MemoryOS 3 Digit Major Numbers,219,End up
MemoryOS 3 Digit Major Numbers,220,Onions
MemoryOS 3 Digit Major Numbers,221,Nintendo
MemoryOS 3 Digit Major Numbers,222,Neon
MemoryOS 3 Digit Major Numbers,223,No name
MemoryOS 3 Digit Major Numbers,224,Nunnery
MemoryOS 3 Digit Major Numbers,225,No nail
MemoryOS 3 Digit Major Numbers,226,Ninja
MemoryOS 3 Digit Major Numbers,227,Non-accurate
MemoryOS 3 Digit Major Numbers,228,New Navy
MemoryOS 3 Digit Major Numbers,229,Nanobot
MemoryOS 3 Digit Major Numbers,230,Nemesis
MemoryOS 3 Digit Major Numbers,231,Nomad
MemoryOS 3 Digit Major Numbers,232,Anemone
MemoryOS 3 Digit Major Numbers,233,Enemy
MemoryOS 3 Digit Major Numbers,234,Nimrod
MemoryOS 3 Digit Major Numbers,235,Animal
MemoryOS 3 Digit Major Numbers,236,An image
MemoryOS 3 Digit Major Numbers,237,anaemic
MemoryOS 3 Digit Major Numbers,238,Nymph
MemoryOS 3 Digit Major Numbers,239,Name badge
MemoryOS 3 Digit Major Numbers,240,Nurse
MemoryOS 3 Digit Major Numbers,241,Nerd
MemoryOS 3 Digit Major Numbers,242,Narnia
MemoryOS 3 Digit Major Numbers,243,Norm
MemoryOS 3 Digit Major Numbers,244,Honorary
MemoryOS 3 Digit Major Numbers,245,Narwhal
MemoryOS 3 Digit Major Numbers,246,Enrage
MemoryOS 3 Digit Major Numbers,247,Anorak
MemoryOS 3 Digit Major Numbers,248,Nerve
MemoryOS 3 Digit Major Numbers,249,Nearby
MemoryOS 3 Digit Major Numbers,250,Nails
MemoryOS 3 Digit Major Numbers,251,Newlywed
MemoryOS 3 Digit Major Numbers,252,Nylon
MemoryOS 3 Digit Major Numbers,253,No limit
MemoryOS 3 Digit Major Numbers,254,Inhaler
MemoryOS 3 Digit Major Numbers,255,Honolul
MemoryOS 3 Digit Major Numbers,256,Unleash
MemoryOS 3 Digit Major Numbers,257,Unlock
MemoryOS 3 Digit Major Numbers,258,Nail file
MemoryOS 3 Digit Major Numbers,259,Nail polish
MemoryOS 3 Digit Major Numbers,260,Nachos
MemoryOS 3 Digit Major Numbers,261,Unwashed
MemoryOS 3 Digit Major Numbers,262,Engine
MemoryOS 3 Digit Major Numbers,263,Unjam
MemoryOS 3 Digit Major Numbers,264,Injury
MemoryOS 3 Digit Major Numbers,265,Angel
MemoryOS 3 Digit Major Numbers,266,Inch
MemoryOS 3 Digit Major Numbers,267,No Joke
MemoryOS 3 Digit Major Numbers,268,Anchovy
MemoryOS 3 Digit Major Numbers,269,No ship
MemoryOS 3 Digit Major Numbers,270,Annex
MemoryOS 3 Digit Major Numbers,271,Nectar
MemoryOS 3 Digit Major Numbers,272,Anakin
MemoryOS 3 Digit Major Numbers,273,Wine gum
MemoryOS 3 Digit Major Numbers,274,Anchor
MemoryOS 3 Digit Major Numbers,275,Nickel
MemoryOS 3 Digit Major Numbers,276,No cash
MemoryOS 3 Digit Major Numbers,277,Hancock
MemoryOS 3 Digit Major Numbers,278,Encave
MemoryOS 3 Digit Major Numbers,279,Kneecap
MemoryOS 3 Digit Major Numbers,280,Invoice
MemoryOS 3 Digit Major Numbers,281,Invitation
MemoryOS 3 Digit Major Numbers,282,No fun
MemoryOS 3 Digit Major Numbers,283,Infamy
MemoryOS 3 Digit Major Numbers,284,On fire
MemoryOS 3 Digit Major Numbers,285,Anvil 
MemoryOS 3 Digit Major Numbers,286,New Fish
MemoryOS 3 Digit Major Numbers,287,Invocation
MemoryOS 3 Digit Major Numbers,288,Navy
MemoryOS 3 Digit Major Numbers,289,Nova bomb
MemoryOS 3 Digit Major Numbers,290,Honey bees
MemoryOS 3 Digit Major Numbers,291,Honey pot
MemoryOS 3 Digit Major Numbers,292,Nippon
MemoryOS 3 Digit Major Numbers,293,Niobium
MemoryOS 3 Digit Major Numbers,294,nipper
MemoryOS 3 Digit Major Numbers,295,nebula
MemoryOS 3 Digit Major Numbers,296,new page
MemoryOS 3 Digit Major Numbers,297,unpack
MemoryOS 3 Digit Major Numbers,298,unpave
MemoryOS 3 Digit Major Numbers,299,new pope
MemoryOS 3 Digit Major Numbers,300,moses
MemoryOS 3 Digit Major Numbers,301,mast
MemoryOS 3 Digit Major Numbers,302,Amazon
MemoryOS 3 Digit Major Numbers,303,Museum
MemoryOS 3 Digit Major Numbers,304,Mozart
MemoryOS 3 Digit Major Numbers,305,Missile
MemoryOS 3 Digit Major Numbers,306,Massage 
MemoryOS 3 Digit Major Numbers,307,Music
MemoryOS 3 Digit Major Numbers,308,Missive
MemoryOS 3 Digit Major Numbers,309,Mice Box
MemoryOS 3 Digit Major Numbers,310,Medicine
MemoryOS 3 Digit Major Numbers,311,Mud
MemoryOS 3 Digit Major Numbers,312,Madonna
MemoryOS 3 Digit Major Numbers,313,Mad Max
MemoryOS 3 Digit Major Numbers,314,Motheor
MemoryOS 3 Digit Major Numbers,315,Medal
MemoryOS 3 Digit Major Numbers,316,Match
MemoryOS 3 Digit Major Numbers,317,Medicine
MemoryOS 3 Digit Major Numbers,318,Midwife
MemoryOS 3 Digit Major Numbers,319,Meatball
MemoryOS 3 Digit Major Numbers,320,Manuscript
MemoryOS 3 Digit Major Numbers,321,Mountain
MemoryOS 3 Digit Major Numbers,322,Minion
MemoryOS 3 Digit Major Numbers,323,eminem
MemoryOS 3 Digit Major Numbers,324,Manure
MemoryOS 3 Digit Major Numbers,325,Manual
MemoryOS 3 Digit Major Numbers,326,Manager
MemoryOS 3 Digit Major Numbers,327,Monkey
MemoryOS 3 Digit Major Numbers,328,Manfist
MemoryOS 3 Digit Major Numbers,329,moon pie
MemoryOS 3 Digit Major Numbers,330,Mummies
MemoryOS 3 Digit Major Numbers,331,Mammoth
MemoryOS 3 Digit Major Numbers,332,Mammon
MemoryOS 3 Digit Major Numbers,333,Mom
MemoryOS 3 Digit Major Numbers,334,Memory
MemoryOS 3 Digit Major Numbers,335,Mammal
MemoryOS 3 Digit Major Numbers,336,Mime jar
MemoryOS 3 Digit Major Numbers,337,Mimic
MemoryOS 3 Digit Major Numbers,338,Mumford nand Sons
MemoryOS 3 Digit Major Numbers,339,Mumbai
MemoryOS 3 Digit Major Numbers,340,Mars
MemoryOS 3 Digit Major Numbers,341,Murderer
MemoryOS 3 Digit Major Numbers,342,Maine
MemoryOS 3 Digit Major Numbers,343,Marmalade
MemoryOS 3 Digit Major Numbers,344,Mirror
MemoryOS 3 Digit Major Numbers,345,Mural
MemoryOS 3 Digit Major Numbers,346,March
MemoryOS 3 Digit Major Numbers,347,Mark
MemoryOS 3 Digit Major Numbers,348,Murphy
MemoryOS 3 Digit Major Numbers,349,Marble
MemoryOS 3 Digit Major Numbers,350,Moles
MemoryOS 3 Digit Major Numbers,351,Melt
MemoryOS 3 Digit Major Numbers,352,Melon
MemoryOS 3 Digit Major Numbers,353,Mailman
MemoryOS 3 Digit Major Numbers,354,Malaria
MemoryOS 3 Digit Major Numbers,355,Molehill
MemoryOS 3 Digit Major Numbers,356,Mail Chimp
MemoryOS 3 Digit Major Numbers,357,Milk
MemoryOS 3 Digit Major Numbers,358,Malfoy
MemoryOS 3 Digit Major Numbers,359,Mailbox
MemoryOS 3 Digit Major Numbers,360,Emojis
MemoryOS 3 Digit Major Numbers,361,Machete
MemoryOS 3 Digit Major Numbers,362,Machine
MemoryOS 3 Digit Major Numbers,363,Mishmash
MemoryOS 3 Digit Major Numbers,364,Major
MemoryOS 3 Digit Major Numbers,365,Michelle
MemoryOS 3 Digit Major Numbers,366,Macho
MemoryOS 3 Digit Major Numbers,367,Magic
MemoryOS 3 Digit Major Numbers,368,Mojave
MemoryOS 3 Digit Major Numbers,369,Mashup
MemoryOS 3 Digit Major Numbers,370,Magazine
MemoryOS 3 Digit Major Numbers,371,Maggot
MemoryOS 3 Digit Major Numbers,372,Mohican
MemoryOS 3 Digit Major Numbers,373,Magma
MemoryOS 3 Digit Major Numbers,374,Microwave oven
MemoryOS 3 Digit Major Numbers,375,Michael
MemoryOS 3 Digit Major Numbers,376,Make a wish
MemoryOS 3 Digit Major Numbers,377,Macaque
MemoryOS 3 Digit Major Numbers,378,Megaphone
MemoryOS 3 Digit Major Numbers,379,Magpie
MemoryOS 3 Digit Major Numbers,380,Mafioso
MemoryOS 3 Digit Major Numbers,381,Move It
MemoryOS 3 Digit Major Numbers,382,Muffin
MemoryOS 3 Digit Major Numbers,383,Movieman
MemoryOS 3 Digit Major Numbers,384,Muffer
MemoryOS 3 Digit Major Numbers,385,Mayfly
MemoryOS 3 Digit Major Numbers,386,Movie chair
MemoryOS 3 Digit Major Numbers,387,movie camera
MemoryOS 3 Digit Major Numbers,388,Movie
MemoryOS 3 Digit Major Numbers,389,Movie box
MemoryOS 3 Digit Major Numbers,390,maps
MemoryOS 3 Digit Major Numbers,391,moped
MemoryOS 3 Digit Major Numbers,392,my bin
MemoryOS 3 Digit Major Numbers,393,Mop machine
MemoryOS 3 Digit Major Numbers,394,umbrella
MemoryOS 3 Digit Major Numbers,395,mobile
MemoryOS 3 Digit Major Numbers,396,Ambush
MemoryOS 3 Digit Major Numbers,397,Humbug
MemoryOS 3 Digit Major Numbers,398,Maybe UFO
MemoryOS 3 Digit Major Numbers,399,Mop
MemoryOS 3 Digit Major Numbers,400,Roses
MemoryOS 3 Digit Major Numbers,401,Rooster
MemoryOS 3 Digit Major Numbers,402,Raisins
MemoryOS 3 Digit Major Numbers,403,Rosemary
