Artist,Song,Year,Song Year,Header
Kanye West,Stronger,2007,Stronger (2007),Band/Artist from Song
The Supremes,Baby Love,1964,Baby Love (1964),Band/Artist from Song
Townes Van Zandt,Pancho and Lefty,1972,Pancho and Lefty (1972),Band/Artist from Song
Lizzo,Truth Hurts,2017,Truth Hurts (2017),Band/Artist from Song
Harry Nilsson,Without You,1971,Without You (1971),Band/Artist from Song
Carly Simon,You're So Vain,1972,You're So Vain (1972),Band/Artist from Song
Cyndi Lauper,Time After Time,1983,Time After Time (1983),Band/Artist from Song
Pixies,Where Is My Mind,1988,Where Is My Mind (1988),Band/Artist from Song
Miles Davis,So What,1959,So What (1959),Band/Artist from Song
Guns N' Roses,Welcome to the Jungle,1987,Welcome to the Jungle (1987),Band/Artist from Song
Lil Nas X,Old Town Road,2019,Old Town Road (2019),Band/Artist from Song
The Breeders,Cannonball,1993,Cannonball (1993),Band/Artist from Song
The Weeknd,House of Balloons,2011,House of Balloons (2011),Band/Artist from Song
Solange,Cranes in the Sky,2016,Cranes in the Sky (2016),Band/Artist from Song
Lil Wayne,A Milli,2009,A Milli (2009),Band/Artist from Song
Azealia Banks,212,2011,212 (2011),Band/Artist from Song
Weezer,Buddy Holly,1994,Buddy Holly (1994),Band/Artist from Song
Four Tops,I Can't Help Myself,1965,I Can't Help Myself (1965),Band/Artist from Song
Lady Gaga, Bad Romance,2009, Bad Romance (2009),Band/Artist from Song
Robert Johnson, Cross Road Blues,1937, Cross Road Blues (1937),Band/Artist from Song
Biz Markie,Just a Friend,1989,Just a Friend (1989),Band/Artist from Song
Santana,Oye Como Va,1970,Oye Como Va (1970),Band/Artist from Song
Juvenile,Back That Azz Up,1998,Back That Azz Up (1998),Band/Artist from Song
The Go-Gos,Our Lips Are Sealed,1981,Our Lips Are Sealed (1981),Band/Artist from Song
Kris Kristofferson,Sunday Morning Coming Down,1970,Sunday Morning Coming Down (1970),Band/Artist from Song
Janet Jackson,Rhythm Nation,1989,Rhythm Nation (1989),Band/Artist from Song
Curtis Mayfield,Move On Up,1970,Move On Up (1970),Band/Artist from Song
Tammy Wynette,Stand By Your Man,1968,Stand By Your Man (1968),Band/Artist from Song
Peter Gabriel,Solsbury Hill,1977,Solsbury Hill (1977),Band/Artist from Song
The Animals,The House of the Rising Sun,1964,The House of the Rising Sun (1964),Band/Artist from Song
Gladys Knight and the Pips,Midnight Train to Georgia,1973,Midnight Train to Georgia (1973),Band/Artist from Song
Dixie Chicks,Goodbye Earl,2000,Goodbye Earl (2000),Band/Artist from Song
Mazzy Star,Fade Into You,1993,Fade Into You (1993),Band/Artist from Song
Nirvana,Come As You Are,1991,Come As You Are (1991),Band/Artist from Song
Luther Vandross,Never Too Much,1981,Never Too Much (1981),Band/Artist from Song
Daft Punk, Get Lucky,2013, Get Lucky (2013),Band/Artist from Song
Joni Mitchell,Help Me,1974,Help Me (1974),Band/Artist from Song
John Lee Hooker,Boom Boom,1962,Boom Boom (1962),Band/Artist from Song
Van Morrison,Into the Mystic,1970,Into the Mystic (1970),Band/Artist from Song
Roy Orbison,Crying,1962,Crying (1962),Band/Artist from Song
Steel Pulse,Ku Klux Klan,1978,Ku Klux Klan (1978),Band/Artist from Song
Sade,No Ordinary Love,1992,No Ordinary Love (1992),Band/Artist from Song
Beck,Loser,1993,Loser (1993),Band/Artist from Song
Bon Jovi,Livin' on a Prayer,1986,Livin' on a Prayer (1986),Band/Artist from Song
Lana Del Rey,Summertime Sadness,2012,Summertime Sadness (2012),Band/Artist from Song
Jefferson Airplane,White Rabbit,1967,White Rabbit (1967),Band/Artist from Song
Sister Nancy,Bam Bam,1982,Bam Bam (1982),Band/Artist from Song
Missy Elliott,The Rain,1997,The Rain (1997),Band/Artist from Song
Toto,Africa,1982,Africa (1982),Band/Artist from Song
Migos,Bad and Boujee,2016,Bad and Boujee (2016),Band/Artist from Song
Neil Young,Powderfinger,1979,Powderfinger (1979),Band/Artist from Song
Blue Öyster Cult, (Don't Fear) The Reaper,1976, (Don't Fear) The Reaper (1976),Band/Artist from Song
Erykah Badu,Tyrone,1997,Tyrone (1997),Band/Artist from Song
The Beatles,Help!,1965,Help! (1965),Band/Artist from Song
Bruce Springsteen,Rosalita,1973,Rosalita (1973),Band/Artist from Song
T. Rex,Cosmic Dancer,1971,Cosmic Dancer (1971),Band/Artist from Song
50 Cent, In Da Club,2003, In Da Club (2003),Band/Artist from Song
Fall Out Boy,"Sugar, We're Goin Down",2005,"Sugar, We're Goin Down (2005)",Band/Artist from Song
Motörhead,Ace of Spades,1980,Ace of Spades (1980),Band/Artist from Song
Miranda Lambert,The House That Built Me,2010,The House That Built Me (2010),Band/Artist from Song
Alicia Keys,If I Ain't Got You,2003,If I Ain't Got You (2003),Band/Artist from Song
Celia Cruz,La Vida Es Un Carnaval,1998,La Vida Es Un Carnaval (1998),Band/Artist from Song
Megan Thee Stallion feat. Beyoncé,Savage (Remix),2020,Savage (Remix) (2020),Band/Artist from Song
Lucinda Williams,Passionate Kisses,1988,Passionate Kisses (1988),Band/Artist from Song
Carly Rae Jepsen,Call Me Maybe,2012,Call Me Maybe (2012),Band/Artist from Song
Rush,Limelight,1981,Limelight (1981),Band/Artist from Song
Ramones,Sheena Is a Punk Rocker,1977,Sheena Is a Punk Rocker (1977),Band/Artist from Song
Pet Shop Boys, West End Girls,1984, West End Girls (1984),Band/Artist from Song
Eddie Cochran,Summertime Blues,1958,Summertime Blues (1958),Band/Artist from Song
Prince,Adore,1987,Adore (1987),Band/Artist from Song
Pete Rock & CL Smooth,They Reminisce Over You (T.R.O.Y.),1992,They Reminisce Over You (T.R.O.Y.) (1992),Band/Artist from Song
Queen and David Bowie,Under Pressure,1981,Under Pressure (1981),Band/Artist from Song
Harry Styles,Sign of the Times,2017,Sign of the Times (2017),Band/Artist from Song
The Sugarhill Gang,Rapper's Delight,1979,Rapper's Delight (1979),Band/Artist from Song
Nicki Minaj,Super Bass,2010,Super Bass (2010),Band/Artist from Song
Muddy Waters,Mannish Boy,1955,Mannish Boy (1955),Band/Artist from Song
Blackstreet,No Diggity,1996,No Diggity (1996),Band/Artist from Song
Fiona Apple,Criminal,1996,Criminal (1996),Band/Artist from Song
Craig Mack,Flava in Your Ear,1994,Flava in Your Ear (1994),Band/Artist from Song
The Smiths,How Soon Is Now,1984,How Soon Is Now (1984),Band/Artist from Song
The Mamas & the Papas,California Dreamin',1965,California Dreamin' (1965),Band/Artist from Song
Mariah Carey, Fantasy,1995, Fantasy (1995),Band/Artist from Song
Booker T,Green Onions,1962,Green Onions (1962),Band/Artist from Song
Mark Ronson feat. Bruno Mars, Uptown Funk,2015, Uptown Funk (2015),Band/Artist from Song
Pearl Jam,Alive,1991,Alive (1991),Band/Artist from Song
Depeche Mode,Enjoy the Silence,1990,Enjoy the Silence (1990),Band/Artist from Song
Blondie,Dreaming,1979,Dreaming (1979),Band/Artist from Song
Them,Gloria,1965,Gloria (1965),Band/Artist from Song
Neneh Cherry,Buffalo Stance,1988,Buffalo Stance (1988),Band/Artist from Song
Wilco,Heavy Metal Drummer,2002,Heavy Metal Drummer (2002),Band/Artist from Song
The Allman Brothers Band,Whipping Post,1969,Whipping Post (1969),Band/Artist from Song
Foo Fighters,Everlong,1997,Everlong (1997),Band/Artist from Song
Cat Stevens,Father and Son,1970,Father and Son (1970),Band/Artist from Song
Lynyrd Skynyrd,Free Bird,1973,Free Bird (1973),Band/Artist from Song
Run-DMC,Sucker M.C.'s,1984,Sucker M.C.'s (1984),Band/Artist from Song
Selena, Amor Prohibido,1994, Amor Prohibido (1994),Band/Artist from Song
Kiss,Rock and Roll All Nite,1974,Rock and Roll All Nite (1974),Band/Artist from Song
Rufus and Chaka Khan,Ain't Nobody,1983,Ain't Nobody (1983),Band/Artist from Song
Bill Withers,Lovely Day,1977,Lovely Day (1977),Band/Artist from Song
Fleetwood Mac,Go Your Own Way,1977,Go Your Own Way (1977),Band/Artist from Song
David Bowie, Station to Station,1976, Station to Station (1976),Band/Artist from Song
Sylvester,You Make Me Feel (Mighty Real),1978,You Make Me Feel (Mighty Real) (1978),Band/Artist from Song
Duran Duran, Hungry Like the Wolf,1982, Hungry Like the Wolf (1982),Band/Artist from Song
Public Enemy,Bring the Noise,1987,Bring the Noise (1987),Band/Artist from Song
Elvis Costello,Alison,1977,Alison (1977),Band/Artist from Song
Afrika Bambaataa, Planet Rock,1982, Planet Rock (1982),Band/Artist from Song
Jeff Buckley,Grace,1994,Grace (1994),Band/Artist from Song
James Brown,Say It Loud,1968,Say It Loud (1968),Band/Artist from Song
Coldplay,Fix You,2005,Fix You (2005),Band/Artist from Song
Eric Church, Springsteen,2011, Springsteen (2011),Band/Artist from Song
Metallica,Enter Sandman,1991,Enter Sandman (1991),Band/Artist from Song
The Pretenders,Brass in Pocket,1979,Brass in Pocket (1979),Band/Artist from Song
DMX,Party Up (Up in Here),1999,Party Up (Up in Here) (1999),Band/Artist from Song
The New York Dolls,Personality Crisis,1973,Personality Crisis (1973),Band/Artist from Song
The Kinks, Lola,1970, Lola (1970),Band/Artist from Song
Diana Ross,I'm Coming Out,1980,I'm Coming Out (1980),Band/Artist from Song
"Cardi B, Bad Bunny and J Balvin",I Like It,2018,I Like It (2018),Band/Artist from Song
Childish Gambino,Redbone,2016,Redbone (2016),Band/Artist from Song
Fiona Apple,Paper Bag,1999,Paper Bag (1999),Band/Artist from Song
The Slits,Typical Girls,1979,Typical Girls (1979),Band/Artist from Song
Fountains of Wayne,Radiation Vibe,1996,Radiation Vibe (1996),Band/Artist from Song
D'Angelo, Untitled (How Does It Feel),2000, Untitled (How Does It Feel) (2000),Band/Artist from Song
The Killers,Mr. Brightside,2003,Mr. Brightside (2003),Band/Artist from Song
The Cure,Pictures of You,1989,Pictures of You (1989),Band/Artist from Song
Merle Haggard,Mama Tried,1968,Mama Tried (1968),Band/Artist from Song
Drifters,Up On the Roof,1964,Up On the Roof (1964),Band/Artist from Song
William DeVaughn,Be Thankful for What You Got,1974,Be Thankful for What You Got (1974),Band/Artist from Song
Drake,Hotline Bling,2015,Hotline Bling (2015),Band/Artist from Song
Bonnie Raitt,I Can't Make You Love Me,1991,I Can't Make You Love Me (1991),Band/Artist from Song
Elton John,Bennie and the Jets,1973,Bennie and the Jets (1973),Band/Artist from Song
Buddy Holly,Peggy Sue,1958,Peggy Sue (1958),Band/Artist from Song
The Cars,Just What I Needed,1978,Just What I Needed (1978),Band/Artist from Song
Soundgarden,Black Hole Sun,1994,Black Hole Sun (1994),Band/Artist from Song
Frank Ocean, Thinkin' About You,2012, Thinkin' About You (2012),Band/Artist from Song
The Crystals,Da Doo Run Run,1962,Da Doo Run Run (1962),Band/Artist from Song
The Sex Pistols,God Save the Queen,1977,God Save the Queen (1977),Band/Artist from Song
Grateful Dead,Box of Rain,1970,Box of Rain (1970),Band/Artist from Song
Bob Marley,Could You Be Loved,1980,Could You Be Loved (1980),Band/Artist from Song
Kacey Musgraves,Merry Go Round,2013,Merry Go Round (2013),Band/Artist from Song
Jimmy Cliff,The Harder They Come,1972,The Harder They Come (1972),Band/Artist from Song
Prince,Little Red Corvette,1982,Little Red Corvette (1982),Band/Artist from Song
The Fugees,Killing Me Softly with His Song,1996,Killing Me Softly with His Song (1996),Band/Artist from Song
Patti Smith,Because the Night,1978,Because the Night (1978),Band/Artist from Song
Taylor Swift, Blank Space,2014, Blank Space (2014),Band/Artist from Song
Cheap Trick,Surrender,1978,Surrender (1978),Band/Artist from Song
Thelma Houston,Don't Leave Me This Way,1976,Don't Leave Me This Way (1976),Band/Artist from Song
Michael Jackson,Rock With You,1979,Rock With You (1979),Band/Artist from Song
The Eurythmics,Sweet Dreams (Are Made of This),1983,Sweet Dreams (Are Made of This) (1983),Band/Artist from Song
Ice Cube,It Was a Good Day,1992,It Was a Good Day (1992),Band/Artist from Song
Jorge Ben,Ponta De Lanca Africano (Umbabarauma),1976,Ponta De Lanca Africano (Umbabarauma) (1976),Band/Artist from Song
John Prine,Angel in Montgomery,1971,Angel in Montgomery (1971),Band/Artist from Song
Zombies,Time of the Season,1968,Time of the Season (1968),Band/Artist from Song
Roxy Music,Virginia Plain,1972,Virginia Plain (1972),Band/Artist from Song
Elvis, Heartbreak Hotel,1956, Heartbreak Hotel (1956),Band/Artist from Song
BTS,Dynamite,2020,Dynamite (2020),Band/Artist from Song
Carole King,It's Too Late,1971,It's Too Late (1971),Band/Artist from Song
Black Sabbath,Iron Man,1971,Iron Man (1971),Band/Artist from Song
The Doobie Brothers,What a Fool Believes,1979,What a Fool Believes (1979),Band/Artist from Song
Chuck Berry,Promised Land,1964,Promised Land (1964),Band/Artist from Song
Monkees,I'm a Believer,1966,I'm a Believer (1966),Band/Artist from Song
The Clash,(White Man) In Hammersmith Palais,1978,(White Man) In Hammersmith Palais (1978),Band/Artist from Song
Prince,1999,1982,1999 (1982),Band/Artist from Song
Black Sabbath,Paranoid,1970,Paranoid (1970),Band/Artist from Song
Cher,Believe,1998,Believe (1998),Band/Artist from Song
Hall and Oates,She's Gone,1973,She's Gone (1973),Band/Artist from Song
Marshall Jefferson,Move Your Body (The House Music Anthem),1986,Move Your Body (The House Music Anthem) (1986),Band/Artist from Song
Grateful Dead,Ripple,1970,Ripple (1970),Band/Artist from Song
The Temptations,Papa Was a Rollin' Stone,1972,Papa Was a Rollin' Stone (1972),Band/Artist from Song
Rihanna, Umbrella,2007, Umbrella (2007),Band/Artist from Song
The Marvelettes,Please Mr. Postman,1961,Please Mr. Postman (1961),Band/Artist from Song
The Notorious B.I.G.,Big Poppa,1994,Big Poppa (1994),Band/Artist from Song
Bad Bunny,Safaera,2020,Safaera (2020),Band/Artist from Song
Red Hot Chili Peppers, Under the Bridge,1991, Under the Bridge (1991),Band/Artist from Song
Mary J. Blige,Real Love,1992,Real Love (1992),Band/Artist from Song
Rilo Kiley,Portions for Foxes,2004,Portions for Foxes (2004),Band/Artist from Song
Iggy Pop,Lust for Life,1977,Lust for Life (1977),Band/Artist from Song
Billy Joel,Scenes from an Italian Restaurant,1977,Scenes from an Italian Restaurant (1977),Band/Artist from Song
Everly Brothers,All I Have to Do Is Dream,1958,All I Have to Do Is Dream (1958),Band/Artist from Song
Neil Young,After the Gold Rush,1970,After the Gold Rush (1970),Band/Artist from Song
U2,I Still Haven't Found,1987,I Still Haven't Found (1987),Band/Artist from Song
2Pac,California Love,1995,California Love (1995),Band/Artist from Song
Tears for Fears, Everybody Wants to Rule the World,1985, Everybody Wants to Rule the World (1985),Band/Artist from Song
Big Mama Thornton,Hound Dog,1953,Hound Dog (1953),Band/Artist from Song
Bob Dylan, Visions of Johanna,1966, Visions of Johanna (1966),Band/Artist from Song
Shangri-Las,Leader of the Pack,1964,Leader of the Pack (1964),Band/Artist from Song
John Coltrane,"A Love Supreme, Pt. I – Acknowledgement",1965,"A Love Supreme, Pt. I – Acknowledgement (1965)",Band/Artist from Song
The Stooges,I Wanna Be Your Dog,1969,I Wanna Be Your Dog (1969),Band/Artist from Song
Smokey Robinson and the Miracles,The Tears of a Clown,1967,The Tears of a Clown (1967),Band/Artist from Song
Isaac Hayes,Walk on By,1969,Walk on By (1969),Band/Artist from Song
Eagles, Hotel California,1977, Hotel California (1977),Band/Artist from Song
The Doors,Light My Fire,1967,Light My Fire (1967),Band/Artist from Song
Bill Withers,Ain't No Sunshine,1971,Ain't No Sunshine (1971),Band/Artist from Song
Liz Phair,Divorce Song,1993,Divorce Song (1993),Band/Artist from Song
Gnarls Barkley,Crazy,2006,Crazy (2006),Band/Artist from Song
Aretha Franklin,Chain of Fools,1967,Chain of Fools (1967),Band/Artist from Song
The Police,Every Breath You Take,1983,Every Breath You Take (1983),Band/Artist from Song
Kraftwerk,Trans-Europe Express,1977,Trans-Europe Express (1977),Band/Artist from Song
TLC,No Scrubs,1999,No Scrubs (1999),Band/Artist from Song
Pink Floyd,Wish You Were Here,1975,Wish You Were Here (1975),Band/Artist from Song
Bob Seger,Night Moves,1978,Night Moves (1978),Band/Artist from Song
B-52s,Rock Lobster,1978,Rock Lobster (1978),Band/Artist from Song
Jay Hawkins,I Put a Spell on You,1956,I Put a Spell on You (1956),Band/Artist from Song
Bruce Springsteen,Jungleland,1975,Jungleland (1975),Band/Artist from Song
Beach Boys,Wouldn't It Be Nice,1966,Wouldn't It Be Nice (1966),Band/Artist from Song
Bikini Kill,Rebel Girl,1996,Rebel Girl (1996),Band/Artist from Song
The Who, Won't Get Fooled Again,1971, Won't Get Fooled Again (1971),Band/Artist from Song
Velvet Underground,Sweet Jane,1970,Sweet Jane (1970),Band/Artist from Song
Alice Cooper,School's Out,1973,School's Out (1973),Band/Artist from Song
A Tribe Called Quest,Can I Kick it,1990,Can I Kick it (1990),Band/Artist from Song
Phil Collins,In the Air Tonight,1981,In the Air Tonight (1981),Band/Artist from Song
Usher, Yeah,2004, Yeah (2004),Band/Artist from Song
Bruce Springsteen,Atlantic City,1982,Atlantic City (1982),Band/Artist from Song
The Funky Four Plus One,That's the Joint,1980,That's the Joint (1980),Band/Artist from Song
AC/DC,You Shook Me All Night Long,1980,You Shook Me All Night Long (1980),Band/Artist from Song
ABBA,Dancing Queen,1976,Dancing Queen (1976),Band/Artist from Song
Destiny's Child,Say My Name,1999,Say My Name (1999),Band/Artist from Song
Leonard Cohen,Suzanne,1967,Suzanne (1967),Band/Artist from Song
Ray Charles,Georgia on My Mind,1960,Georgia on My Mind (1960),Band/Artist from Song
INXS,Never Tear Us Apart,1988,Never Tear Us Apart (1988),Band/Artist from Song
Clipse,Grindin',2002,Grindin' (2002),Band/Artist from Song
The Beatles,Penny Lane,1967,Penny Lane (1967),Band/Artist from Song
Radiohead,Karma Police,1997,Karma Police (1997),Band/Artist from Song
Toots and the Maytals,Pressure Drop,1970,Pressure Drop (1970),Band/Artist from Song
Bo Diddley,Bo Diddley,1955,Bo Diddley (1955),Band/Artist from Song
Buzzcocks,Ever Fallen in Love (With Someone You Shouldn't've),1977,Ever Fallen in Love (With Someone You Shouldn't've) (1977),Band/Artist from Song
Randy Newman,Sail Away,1972,Sail Away (1972),Band/Artist from Song
Al Green,Love and Happiness,1972,Love and Happiness (1972),Band/Artist from Song
Roberta Flack,Killing Me Softly with His Song,1973,Killing Me Softly with His Song (1973),Band/Artist from Song
Thin Lizzy,The Boys Are Back in Town,1976,The Boys Are Back in Town (1976),Band/Artist from Song
Procol Harum,A Whiter Shade of Pale,1967,A Whiter Shade of Pale (1967),Band/Artist from Song
Nine Inch Nails,Closer,1994,Closer (1994),Band/Artist from Song
The Righteous Brothers,Unchained Melody,1965,Unchained Melody (1965),Band/Artist from Song
The Isley Brothers,Shout (Parts 1 and 2),1959,Shout (Parts 1 and 2) (1959),Band/Artist from Song
Drake,Take Care,2011,Take Care (2011),Band/Artist from Song
Augustus Pablo,King Tubby Meets the Rockers Uptown,1974,King Tubby Meets the Rockers Uptown (1974),Band/Artist from Song
The Replacements,Left of the Dial,1985,Left of the Dial (1985),Band/Artist from Song
Marvin Gaye,Let's Get It On,1973,Let's Get It On (1973),Band/Artist from Song
Dolly Parton,Coat of Many Colors,1971,Coat of Many Colors (1971),Band/Artist from Song
Paul Simon,American Tune,1973,American Tune (1973),Band/Artist from Song
Curtis Mayfield,Pusherman,1972,Pusherman (1972),Band/Artist from Song
The Wailers,"Get Up, Stand Up",1973,"Get Up, Stand Up (1973)",Band/Artist from Song
Neil Young,Heart of Gold,1972,Heart of Gold (1972),Band/Artist from Song
Gil-Scott Heron,The Revolution Will Not Be Televised,1971,The Revolution Will Not Be Televised (1971),Band/Artist from Song
Martha and the Vandellas,Heat Wave,1963,Heat Wave (1963),Band/Artist from Song
Metallica,Master of Puppets,1986,Master of Puppets (1986),Band/Artist from Song
Loretta Lynn,Coal Miner's Daughter,1970,Coal Miner's Daughter (1970),Band/Artist from Song
The Supremes,Stop! In the Name of Love,1965,Stop! In the Name of Love (1965),Band/Artist from Song
Willie Nelson,Blue Eyes Crying in the Rain,1975,Blue Eyes Crying in the Rain (1975),Band/Artist from Song
Parliament,Flash Light,1977,Flash Light (1977),Band/Artist from Song
Gloria Gaynor,I Will Survive,1978,I Will Survive (1978),Band/Artist from Song
Jimi Hendrix, Purple Haze,1967, Purple Haze (1967),Band/Artist from Song
Joan Jett,Bad Reputation,1980,Bad Reputation (1980),Band/Artist from Song
N.W.A.,Straight Outta Compton,1988,Straight Outta Compton (1988),Band/Artist from Song
Joni Mitchell,River,1971,River (1971),Band/Artist from Song
Faces,Ooh La La,1973,Ooh La La (1973),Band/Artist from Song
Beastie Boys,Sabotage,1994,Sabotage (1994),Band/Artist from Song
Pavement,Summer Babe (Winter Version),1992,Summer Babe (Winter Version) (1992),Band/Artist from Song
The Beatles,Eleanor Rigby,1966,Eleanor Rigby (1966),Band/Artist from Song
Jerry Lee Lewis,Great Balls of Fire,1957,Great Balls of Fire (1957),Band/Artist from Song
The Digital Underground,The Humpty Dance,1990,The Humpty Dance (1990),Band/Artist from Song
Backstreet Boys,I Want It That Way,1999,I Want It That Way (1999),Band/Artist from Song
Big Star,September Gurls,1974,September Gurls (1974),Band/Artist from Song
Aaliyah,Are You That Somebody?,1998,Are You That Somebody? (1998),Band/Artist from Song
Hank Williams, Your Cheatin' Heart,1953, Your Cheatin' Heart (1953),Band/Artist from Song
Bill Withers,Lean on Me,1972,Lean on Me (1972),Band/Artist from Song
New Order,Blue Monday,1983,Blue Monday (1983),Band/Artist from Song
Supremes,You Keep Me Hangin' On,1966,You Keep Me Hangin' On (1966),Band/Artist from Song
Deee-Lite,Groove Is in the Heart,1990,Groove Is in the Heart (1990),Band/Artist from Song
The Who,My Generation,1965,My Generation (1965),Band/Artist from Song
Whitney Houston,I Wanna Dance with Somebody (Who Loves Me),1987,I Wanna Dance with Somebody (Who Loves Me) (1987),Band/Artist from Song
The Byrds, Mr. Tambourine Man,1965, Mr. Tambourine Man (1965),Band/Artist from Song
Woody Guthrie,This Land Is Your Land,1951,This Land Is Your Land (1951),Band/Artist from Song
Beyonce, Single Ladies (Put a Ring on It),2008, Single Ladies (Put a Ring on It) (2008),Band/Artist from Song
CCR,Fortunate Son,1969,Fortunate Son (1969),Band/Artist from Song
The Smiths,There Is a Light That Never Goes Out,1986,There Is a Light That Never Goes Out (1986),Band/Artist from Song
Joni Mitchell,"Both Sides, Now",1969,"Both Sides, Now (1969)",Band/Artist from Song
Derek and the Dominos,Layla,1970,Layla (1970),Band/Artist from Song
Eminem,Stan,2000,Stan (2000),Band/Artist from Song
"Crosby, Stills & Nash",Suite: Judy Blue Eyes,1969,Suite: Judy Blue Eyes (1969),Band/Artist from Song
Ike and Tina Turner,River Deep – Mountain High,1966,River Deep – Mountain High (1966),Band/Artist from Song
New Order,Bizarre Love Triangle,1986,Bizarre Love Triangle (1986),Band/Artist from Song
Tom Petty,Free Fallin',1989,Free Fallin' (1989),Band/Artist from Song
Wilson Pickett,In the Midnight Hour,1965,In the Midnight Hour (1965),Band/Artist from Song
Stevie Nicks,Edge of Seventeen,1981,Edge of Seventeen (1981),Band/Artist from Song
Elvis,Jailhouse Rock,1957,Jailhouse Rock (1957),Band/Artist from Song
Mobb Deep,Shook Ones (Part II),1995,Shook Ones (Part II) (1995),Band/Artist from Song
Steely Dan,Deacon Blues,1977,Deacon Blues (1977),Band/Artist from Song
The Rolling Stones, Paint It Black,1966, Paint It Black (1966),Band/Artist from Song
Boston,More Than a Feeling,1976,More Than a Feeling (1976),Band/Artist from Song
U2,With or Without You,1987,With or Without You (1987),Band/Artist from Song
Funkadelic,One Nation Under a Groove,1978,One Nation Under a Groove (1978),Band/Artist from Song
Don Henley,The Boys of Summer,1984,The Boys of Summer (1984),Band/Artist from Song
Hole,Doll Parts,1994,Doll Parts (1994),Band/Artist from Song
Rage Against the Machine,Killing in the Name,1992,Killing in the Name (1992),Band/Artist from Song
Glen Campbell,Wichita Lineman,1968,Wichita Lineman (1968),Band/Artist from Song
Britney Spears, …Baby One More Time,1998, …Baby One More Time (1998),Band/Artist from Song
David Bowie, Young Americans,1975, Young Americans (1975),Band/Artist from Song
Stevie Wonder,"Signed, Sealed, Delivered I'm Yours",1970,"Signed, Sealed, Delivered I'm Yours (1970)",Band/Artist from Song
Elton John,Your Song,1970,Your Song (1970),Band/Artist from Song
Johnny Cash,Ring of Fire,1963,Ring of Fire (1963),Band/Artist from Song
David Bowie, Changes,1971, Changes (1971),Band/Artist from Song
Aerosmith,Dream On,1973,Dream On (1973),Band/Artist from Song
Marvin Gaye,Sexual Healing,1982,Sexual Healing (1982),Band/Artist from Song
Ann Peebles,I Can't Stand the Rain,1973,I Can't Stand the Rain (1973),Band/Artist from Song
James Brown,Sex Machine,1970,Sex Machine (1970),Band/Artist from Song
Patsy Cline,Crazy,1961,Crazy (1961),Band/Artist from Song
PJ Harvey,Rid of Me,1993,Rid of Me (1993),Band/Artist from Song
Rolling Stones,Wild Horses,1971,Wild Horses (1971),Band/Artist from Song
Geto Boys,Mind Playing Tricks on Me,1991,Mind Playing Tricks on Me (1991),Band/Artist from Song
Bobby Gentry, Ode to Billie Joe,1967, Ode to Billie Joe (1967),Band/Artist from Song
N.W.A.,Fuck tha Police,1988,Fuck tha Police (1988),Band/Artist from Song
David Bowie, Space Oddity,1969, Space Oddity (1969),Band/Artist from Song
Jimi Hendrix, Little Wing,1967, Little Wing (1967),Band/Artist from Song
Bob Dylan,Subterranean Homesick Blues,1965,Subterranean Homesick Blues (1965),Band/Artist from Song
Staple Singers,I'll Take You There,1972,I'll Take You There (1972),Band/Artist from Song
Michael Jackson, Beat It,1982, Beat It (1982),Band/Artist from Song
Sinead O'Connor,Nothing Compares 2 U,1990,Nothing Compares 2 U (1990),Band/Artist from Song
Stevie Wonder,You Are the Sunshine of My Life,1972,You Are the Sunshine of My Life (1972),Band/Artist from Song
Simon & Garfunkel,The Sounds of Silence,1964,The Sounds of Silence (1964),Band/Artist from Song
The Byrds, Eight Miles High,1966, Eight Miles High (1966),Band/Artist from Song
Lou Reed,Walk on the Wild Side,1972,Walk on the Wild Side (1972),Band/Artist from Song
Pink Floyd,Comfortably Numb,1979,Comfortably Numb (1979),Band/Artist from Song
Billie Eilish, Bad Guy,2019, Bad Guy (2019),Band/Artist from Song
Van Halen,Jump,1983,Jump (1983),Band/Artist from Song
The Kinks, You Really Got Me,1964, You Really Got Me (1964),Band/Artist from Song
Flamingos,I Only Have Eyes for You,1959,I Only Have Eyes for You (1959),Band/Artist from Song
R.E.M.,Radio Free Europe,1983,Radio Free Europe (1983),Band/Artist from Song
Television,Marquee Moon,1977,Marquee Moon (1977),Band/Artist from Song
Nina Simone,Mississippi Goddam,1964,Mississippi Goddam (1964),Band/Artist from Song
Louis Armstrong,What a Wonderful World,1967,What a Wonderful World (1967),Band/Artist from Song
Five Satins,In the Still of the Nite,1956,In the Still of the Nite (1956),Band/Artist from Song
Tom Petty,American Girl,1976,American Girl (1976),Band/Artist from Song
Dusty Springfield,Son of a Preacher Man,1968,Son of a Preacher Man (1968),Band/Artist from Song
Eminem,Lose Yourself,2002,Lose Yourself (2002),Band/Artist from Song
Mott the Hoople,All the Young Dudes,1972,All the Young Dudes (1972),Band/Artist from Song
Hank Williams,I'm So Lonesome I Could Cry,1949,I'm So Lonesome I Could Cry (1949),Band/Artist from Song
Bob Dylan, Mr. Tambourine Man,1965, Mr. Tambourine Man (1965),Band/Artist from Song
Fleetwood Mac,Landslide,1975,Landslide (1975),Band/Artist from Song
Nick Drake,Pink Moon,1972,Pink Moon (1972),Band/Artist from Song
Madonna, Into the Groove,1985, Into the Groove (1985),Band/Artist from Song
R.E.M.,Nightswimming,1992,Nightswimming (1992),Band/Artist from Song
The Who,Baba O'Riley,1971,Baba O'Riley (1971),Band/Artist from Song
Meters,Cissy Strut,1969,Cissy Strut (1969),Band/Artist from Song
Sonic Youth,Teenage Riot,1988,Teenage Riot (1988),Band/Artist from Song
The Kingsmen,Louie Louie,1963,Louie Louie (1963),Band/Artist from Song
The Strokes,Last Nite,2001,Last Nite (2001),Band/Artist from Song
Howlin' Wolf,Spoonful,1960,Spoonful (1960),Band/Artist from Song
James Brown,Super Freak,1981,Super Freak (1981),Band/Artist from Song
CCR,Proud Mary,1969,Proud Mary (1969),Band/Artist from Song
Shirelles,Will You Love Me Tomorrow,1960,Will You Love Me Tomorrow (1960),Band/Artist from Song
Green Day,Basket Case,1994,Basket Case (1994),Band/Artist from Song
Elton John,Rocket Man,1972,Rocket Man (1972),Band/Artist from Song
Led Zeppelin,Kashmir,1975,Kashmir (1975),Band/Artist from Song
Fats Domino,Blueberry Hill,1956,Blueberry Hill (1956),Band/Artist from Song
James Taylor,Fire and Rain,1970,Fire and Rain (1970),Band/Artist from Song
Outkast,Ms. Jackson,2000,Ms. Jackson (2000),Band/Artist from Song
Rolling Stones,Jumpin' Jack Flash,1968,Jumpin' Jack Flash (1968),Band/Artist from Song
The Clash,London Calling,1980,London Calling (1980),Band/Artist from Song
George Jones,He Stopped Loving Her Today,1980,He Stopped Loving Her Today (1980),Band/Artist from Song
Rod Stewart,Maggie May,1971,Maggie May (1971),Band/Artist from Song
Bob Marley,"No Woman, No Cry",1975,"No Woman, No Cry (1975)",Band/Artist from Song
Madonna,Vogue,1990,Vogue (1990),Band/Artist from Song
Blondie,Heart of Glass,1979,Heart of Glass (1979),Band/Artist from Song
Arianna Grande,"Thank U, Next",2019,"Thank U, Next (2019)",Band/Artist from Song
Otis Redding,Try a Little Tenderness,1966,Try a Little Tenderness (1966),Band/Artist from Song
The Beatles,She Loves You,1964,She Loves You (1964),Band/Artist from Song
Tina Turner,What's Love Got to Do with It,1984,What's Love Got to Do with It (1984),Band/Artist from Song
Journey,Don't Stop Believin',1981,Don't Stop Believin' (1981),Band/Artist from Song
Eric B. and Rakim,Paid in Full,1987,Paid in Full (1987),Band/Artist from Song
Ben E. King,Stand by Me,1961,Stand by Me (1961),Band/Artist from Song
Martha and the Vandellas,Dancing in the Street,1964,Dancing in the Street (1964),Band/Artist from Song
Drake,"Hold On, We're Going Home",2013,"Hold On, We're Going Home (2013)",Band/Artist from Song
Led Zeppelin,Whole Lotta Love,1969,Whole Lotta Love (1969),Band/Artist from Song
TLC,Waterfalls,1995,Waterfalls (1995),Band/Artist from Song
George Michael,Freedom! '90,1990,Freedom! '90 (1990),Band/Artist from Song
The Sex Pistols,Anarchy in the U.K.,1977,Anarchy in the U.K. (1977),Band/Artist from Song
Buddy Holly,That'll Be the Day,1957,That'll Be the Day (1957),Band/Artist from Song
Talking Heads,This Must Be the Place (Naïve Melody),1983,This Must Be the Place (Naïve Melody) (1983),Band/Artist from Song
Impressions,People Get Ready,1965,People Get Ready (1965),Band/Artist from Song
The Beatles,Let It Be,1970,Let It Be (1970),Band/Artist from Song
X-Ray Spex,Oh Bondage Up Yours!,1977,Oh Bondage Up Yours! (1977),Band/Artist from Song
Marvin Gaye, I Heard It Through the Grapevine,1968, I Heard It Through the Grapevine (1968),Band/Artist from Song
Radiohead,Creep,1992,Creep (1992),Band/Artist from Song
Aretha Franklin,I Say a Little Prayer,1968,I Say a Little Prayer (1968),Band/Artist from Song
Rob Base and DJ E-Z Rock,It Takes Two,1988,It Takes Two (1988),Band/Artist from Song
Etta James,At Last,1960,At Last (1960),Band/Artist from Song
Britney Spears, Toxic,2003, Toxic (2003),Band/Artist from Song
Stevie Wonder,Higher Ground,1973,Higher Ground (1973),Band/Artist from Song
R.E.M., Losing My Religion,1991, Losing My Religion (1991),Band/Artist from Song
Bruce Springsteen,Thunder Road,1975,Thunder Road (1975),Band/Artist from Song
The Beatles, Something,1969, Something (1969),Band/Artist from Song
Sly and the Family Stone,Everyday People,1968,Everyday People (1968),Band/Artist from Song
The Cure, Just Like Heaven,1987, Just Like Heaven (1987),Band/Artist from Song
Wu-Tang Clan,C.R.E.A.M.,1994,C.R.E.A.M. (1994),Band/Artist from Song
The Rolling Stones,Sympathy for the Devil,1968,Sympathy for the Devil (1968),Band/Artist from Song
David Bowie, Life on Mars?,1971, Life on Mars? (1971),Band/Artist from Song
Jackson 5,I Want You Back,1969,I Want You Back (1969),Band/Artist from Song
Alanis Morisette,You Oughta Know,1995,You Oughta Know (1995),Band/Artist from Song
Chuck Berry,Maybellene,1955,Maybellene (1955),Band/Artist from Song
Yeah Yeah Yeahs,Maps,2003,Maps (2003),Band/Artist from Song
Bob Dylan,Blowin' in the Wind,1963,Blowin' in the Wind (1963),Band/Artist from Song
Bee Gees,Stayin' Alive,1977,Stayin' Alive (1977),Band/Artist from Song
The Beatles,In My Life,1965,In My Life (1965),Band/Artist from Song
Patti Smith,Gloria,1975,Gloria (1975),Band/Artist from Song
Jay-Z,99 Problems,2003,99 Problems (2003),Band/Artist from Song
Oasis,Wonderwall,1995,Wonderwall (1995),Band/Artist from Song
Whitney Houston,I Will Always Love You,1992,I Will Always Love You (1992),Band/Artist from Song
Kelly Clarkson, Since U Been Gone,2004, Since U Been Gone (2004),Band/Artist from Song
Little Richard,"Good Golly, Miss Molly",1958,"Good Golly, Miss Molly (1958)",Band/Artist from Song
UGK feat. Outkast,International Players Anthem (I Choose You),2007,International Players Anthem (I Choose You) (2007),Band/Artist from Song
Aretha Franklin,(You Make Me Feel Like) A Natural Woman,1967,(You Make Me Feel Like) A Natural Woman (1967),Band/Artist from Song
The Beatles, Hey Jude,1968, Hey Jude (1968),Band/Artist from Song
Guns N' Roses,Sweet Child o' Mine,1987,Sweet Child o' Mine (1987),Band/Artist from Song
LCD Soundsystem,All My Friends,2007,All My Friends (2007),Band/Artist from Song
The Rolling Stones, Tumbling Dice,1972, Tumbling Dice (1972),Band/Artist from Song
Prince,Kiss,1986,Kiss (1986),Band/Artist from Song
Al Green,Let's Stay Together,1971,Let's Stay Together (1971),Band/Artist from Song
Bob Dylan,Desolation Row,1965,Desolation Row (1965),Band/Artist from Song
Adele,Rolling in the Deep,2011,Rolling in the Deep (2011),Band/Artist from Song
Velvet Underground,I'm Waiting for the Man,1967,I'm Waiting for the Man (1967),Band/Artist from Song
Ray Charles, What'd I Say,1957, What'd I Say (1957),Band/Artist from Song
Amy Winehouse,Back to Black,2006,Back to Black (2006),Band/Artist from Song
The Four Tops,Reach Out (I'll Be There),1967,Reach Out (I'll Be There) (1967),Band/Artist from Song
Modern Lovers,Roadrunner,1976,Roadrunner (1976),Band/Artist from Song
Johnny Cash,I Walk the Line,1956,I Walk the Line (1956),Band/Artist from Song
Pulp,Common People,1996,Common People (1996),Band/Artist from Song
Leonard Cohen,Hallelujah,1984,Hallelujah (1984),Band/Artist from Song
Beyonce,Formation,2016,Formation (2016),Band/Artist from Song
The Beatles,Yesterday,1965,Yesterday (1965),Band/Artist from Song
Tracy Chapman,Fast Car,1988,Fast Car (1988),Band/Artist from Song
Elvis,Suspicious Minds,1969,Suspicious Minds (1969),Band/Artist from Song
Taylor Swift,All Too Well,2013,All Too Well (2013),Band/Artist from Song
Chic,Good Times,1979,Good Times (1979),Band/Artist from Song
Bob Dylan, Tangled Up in Blue,1975, Tangled Up in Blue (1975),Band/Artist from Song
Simon & Garfunkel,Bridge Over Troubled Water,1970,Bridge Over Troubled Water (1970),Band/Artist from Song
"Earth, Wind & Fire",September,1978,September (1978),Band/Artist from Song
Ramones,Blitzkrieg Bop,1976,Blitzkrieg Bop (1976),Band/Artist from Song
Dolly Parton,Jolene,1974,Jolene (1974),Band/Artist from Song
U2,One,1992,One (1992),Band/Artist from Song
Led Zeppelin,Stairway to Heaven,1971,Stairway to Heaven (1971),Band/Artist from Song
Kate Bush,Running Up That Hill,1985,Running Up That Hill (1985),Band/Artist from Song
Grandmaster Flash and the Furious Five,The Message,1982,The Message (1982),Band/Artist from Song
The Band,The Weight,1968,The Weight (1968),Band/Artist from Song
Sly and the Family Stone,Family Affair,1971,Family Affair (1971),Band/Artist from Song
Missy Elliott,Work It,2000,Work It (2000),Band/Artist from Song
Madonna, Like a Prayer,1989, Like a Prayer (1989),Band/Artist from Song
The Miracles,The Tracks of My Tears,1965,The Tracks of My Tears (1965),Band/Artist from Song
The Beach Boys, Good Vibrations,1966, Good Vibrations (1966),Band/Artist from Song
Donna Summer,I Feel Love,1977,I Feel Love (1977),Band/Artist from Song
Dionne Warwick,Walk on By,1964,Walk on By (1964),Band/Artist from Song
Daddy Yankee,Gasolina,2010,Gasolina (2010),Band/Artist from Song
Lauryn Hill,Doo Wop (That Thing),1998,Doo Wop (That Thing) (1998),Band/Artist from Song
Radiohead,Idioteque,2000,Idioteque (2000),Band/Artist from Song
Elton John,Tiny Dancer,1972,Tiny Dancer (1972),Band/Artist from Song
M.I.A., Paper Planes,2008, Paper Planes (2008),Band/Artist from Song
Kendrick Lamar,Alright,2015,Alright (2015),Band/Artist from Song
Michael Jackson, Billie Jean,1982, Billie Jean (1982),Band/Artist from Song
The Temptations,My Girl,1965,My Girl (1965),Band/Artist from Song
Bob Marley,Redemption Song,1980,Redemption Song (1980),Band/Artist from Song
Joy Division,Love Will Tear Us Apart,1980,Love Will Tear Us Apart (1980),Band/Artist from Song
Jimi Hendrix, All Along the Watchtower,1968, All Along the Watchtower (1968),Band/Artist from Song
Outkast,B.O.B.,2000,B.O.B. (2000),Band/Artist from Song
Otis Redding,(Sittin' On) The Dock of the Bay,1967,(Sittin' On) The Dock of the Bay (1967),Band/Artist from Song
Prince,When Doves Cry,1984,When Doves Cry (1984),Band/Artist from Song
The White Stripes,Seven Nation Army,2003,Seven Nation Army (2003),Band/Artist from Song
Little Richard,Tutti Frutti,1955,Tutti Frutti (1955),Band/Artist from Song
James Brown,Papa's Got a Brand New Bag,1966,Papa's Got a Brand New Bag (1966),Band/Artist from Song
Chuck Berry,Johnny B. Goode,1958,Johnny B. Goode (1958),Band/Artist from Song
The Notorious B.I.G.,Juicy,1994,Juicy (1994),Band/Artist from Song
The Rolling Stones,(I Can't Get No) Satisfaction,1965,(I Can't Get No) Satisfaction (1965),Band/Artist from Song
Lorde, Royals,2011, Royals (2011),Band/Artist from Song
Dr. Dre,Nuthin' but a 'G' Thang,1992,Nuthin' but a 'G' Thang (1992),Band/Artist from Song
Talking Heads,Once in a Lifetime,1980,Once in a Lifetime (1980),Band/Artist from Song
Bruce Springsteen,Born to Run,1975,Born to Run (1975),Band/Artist from Song
Joni Mitchell,A Case of You,1971,A Case of You (1971),Band/Artist from Song
Kanye West,Runaway,2010,Runaway (2010),Band/Artist from Song
The Beatles, A Day in the Life,1967, A Day in the Life (1967),Band/Artist from Song
David Bowie, Heroes,1977, Heroes (1977),Band/Artist from Song
The Ronettes,Be My Baby,1963,Be My Baby (1963),Band/Artist from Song
Billie Holiday,Strange Fruit,1939,Strange Fruit (1939),Band/Artist from Song
Robyn,Dancing on My Own,2010,Dancing on My Own (2010),Band/Artist from Song
John Lennon, Imagine,1971, Imagine (1971),Band/Artist from Song
Prince,Purple Rain,1984,Purple Rain (1984),Band/Artist from Song
Queen,Bohemian Rhapsody,1975,Bohemian Rhapsody (1975),Band/Artist from Song
Beyoncé feat. Jay-Z, Crazy in Love,2003, Crazy in Love (2003),Band/Artist from Song
The Beatles,I Want to Hold Your Hand,1963,I Want to Hold Your Hand (1963),Band/Artist from Song
The Kinks,Waterloo Sunset,1967,Waterloo Sunset (1967),Band/Artist from Song
The Rolling Stones,Gimme Shelter,1969,Gimme Shelter (1969),Band/Artist from Song
Stevie Wonder,Superstition,1972,Superstition (1972),Band/Artist from Song
The Beach Boys,God Only Knows,1966,God Only Knows (1966),Band/Artist from Song
Outkast, Hey Ya!,2003, Hey Ya! (2003),Band/Artist from Song
Fleetwood Mac,Dreams,1977,Dreams (1977),Band/Artist from Song
Missy Elliott,Get Ur Freak On,2001,Get Ur Freak On (2001),Band/Artist from Song
The Beatles, Strawberry Fields Forever,1967, Strawberry Fields Forever (1967),Band/Artist from Song
Marvin Gaye,What's Going On,1971,What's Going On (1971),Band/Artist from Song
Nirvana, Smells Like Teen Spirit,1991, Smells Like Teen Spirit (1991),Band/Artist from Song
Bob Dylan, Like a Rolling Stone,1965, Like a Rolling Stone (1965),Band/Artist from Song
Sam Cooke,A Change Is Gonna Come,1964,A Change Is Gonna Come (1964),Band/Artist from Song
Public Enemy,Fight the Power,1989,Fight the Power (1989),Band/Artist from Song
Aretha Franklin,Respect,1967,Respect (1967),Band/Artist from Song
